,title,genre,runtime,mpaa_rating,thtr_rel_year,imdb_rating,critics_score,director,actor1,actor2,actor3,actor4,actor5
1,Filly Brown,Drama,80,R,2013,5.5,45,Michael D. Olmos,Gina Rodriguez,Jenni Rivera,Lou Diamond Phillips,Emilio Rivera,Joseph Julian Soria
2,The Dish,Drama,101,PG-13,2001,7.3,96,Rob Sitch,Sam Neill,Kevin Harrington,Patrick Warburton,Tom Long,Genevieve Mooy
3,Waiting for Guffman,Comedy,84,R,1996,7.6,91,Christopher Guest,Christopher Guest,Catherine O'Hara,Parker Posey,Eugene Levy,Bob Balaban
4,The Age of Innocence,Drama,139,PG,1993,7.2,80,Martin Scorsese,Daniel Day-Lewis,Michelle Pfeiffer,Winona Ryder,Richard E. Grant,Alec McCowen
5,Malevolence,Horror,90,R,2004,5.1,33,Stevan Mena,Samantha Dark,R. Brandon Johnson,Brandon Johnson,Heather Magee,Richard Glover
6,Old Partner,Documentary,78,Unrated,2009,7.8,91,Chung-ryoul Lee,Choi Won-kyun,Lee Sam-soon,Moo,NA,NA
7,Lady Jane,Drama,142,PG-13,1986,7.2,57,Trevor Nunn,Cary Elwes,John Wood,Michael Hordern,Jill Bennett II,Helena Bonham Carter
8,Mad Dog Time,Drama,93,R,1996,5.5,17,Larry Bishop,Richard Dreyfuss,Jeff Goldblum,Gabriel Byrne,Ellen Barkin,Diane Lane
9,Beauty Is Embarrassing,Documentary,88,Unrated,2012,7.5,90,Neil Berkeley,Paul Reubens,Matt Groening,Todd Oldham,Jonathan Dayton,Cliff Benjamin
10,The Snowtown Murders,Drama,119,Unrated,2012,6.6,83,Justin Kurzel,Lucas Pittaway,Daniel Henshall,Louise Harris,Craig Coyne,Richard Green
11,Superman II,Action & Adventure,127,PG,1981,6.8,89,Richard Lester,Christopher Reeve,Gene Hackman,Margot Kidder,Ned Beatty,Jackie Cooper
12,Leap of Faith,Drama,108,PG-13,1992,6,67,Richard Pearce,Steve Martin,Debra Winger,Lolita Davidovich,Liam Neeson,Lukas Haas
13,The Royal Tenenbaums,Comedy,110,R,2002,7.6,80,Wes Anderson,Gene Hackman,Anjelica Huston,Gwyneth Paltrow,Ben Stiller,Luke Wilson
14,School for Scoundrels,Comedy,100,PG-13,2006,5.9,25,Todd Phillips,Billy Bob Thornton,Jon Heder,Jacinda Barrett,Michael Clarke Duncan,Horatio Sanz
15,Rhinestone,Comedy,111,PG,1984,3.6,15,Bob Clark (III),Dolly Parton,Sylvester Stallone,Richard Farnsworth,Ron Leibman,Tim Thomerson
16,Burn After Reading,Drama,96,R,2008,7,78,Joel Coen,George Clooney,Frances McDormand,John Malkovich,Brad Pitt,Tilda Swinton
17,The Doors,Drama,140,R,1991,7.2,54,Oliver Stone,Val Kilmer,Meg Ryan,Kevin Dillon,Kyle MacLachlan,Frank Whaley
18,The Wood,Drama,106,R,1999,6.9,61,Rick Famuyiwa,Omar Epps,Sean Nelson,Taye Diggs,Trent Cameron,Richard T. Jones
19,Jason X,Horror,91,R,2002,4.4,19,James Isaac,Kane Hodder,Lexa Doig,Lisa Ryder,Chuck Campbell,Jonathan Potts
20,Dragon Wars,Drama,90,PG-13,2007,3.6,29,Hyung-rae Shim,Jason Behr,Amanda Brooks,Robert Forster,Aimee Garcia,Craig Robinson
21,Fallen,Drama,124,R,1997,7,40,Gregory Hoblit,Denzel Washington,John Goodman,Donald Sutherland,Embeth Davidtz,James Gandolfini
22,The Gleaners and I,Documentary,82,Unrated,2001,7.6,92,Agnes Varda,Bodan Litnanski,Francois Wertheimer,Agnes Varda,Margaret Dumont,Virginia Grey
23,Tamara Drewe,Drama,107,R,2010,6.2,66,Stephen Frears,Gemma Arterton,Roger Allam,Bill Camp,Dominic Cooper,Luke Evans
24,Not Without My Daughter,Drama,116,PG-13,1991,6.2,47,Brian Gilbert,Sally Field,Alfred Molina,Sheila Rosenthal,Roshan Seth,Sarah Badel
25,The Yes Men Fix the World,Documentary,87,Unrated,2009,7.6,79,Andy Bichlbaum,Andy Bichlbaum,Reggie Waits,Mike Bonanno,NA,NA
26,"Oh, God! You Devil",Comedy,97,PG,1984,5.3,40,Paul Bogart,George Burns,Ted Wass,Roxanne Hart,Eugene Roche,John Doolittle
27,Meet Joe Black,Drama,178,PG-13,1998,7.1,51,Martin Brest,Brad Pitt,Anthony Hopkins,Claire Forlani,Jake Weber,Marcia Gay Harden
28,The Bay,Horror,84,R,2012,5.6,77,Barry Levinson,Kristen Connolly,Will Rogers (IV),Kether Donohue,Frank Deal,Stephen Kunken
29,Scandal,Art House & International,115,R,1989,6.4,91,Michael Caton-Jones,John Hurt,Joanne Whalley,Bridget Fonda,Ian McKellen,Leslie Phillips
30,Imagine: John Lennon,Musical & Performing Arts,100,R,1988,7.9,92,Andrew Solt,John Lennon,Dick Cavett,Desire de Freitas,Mary Elizabeth Smith,Jane Forth
31,Locke,Mystery & Suspense,85,R,2014,7.1,91,Steven Knight,Tom Hardy,Tom Holland (X),Bill Milner,Andrew Scott,Ruth Wilson
32,The Spongebob Squarepants Movie,Animation,87,PG,2004,7,68,Sherm Cohen,Bill Fagerbakke,Mr. Lawrence,Carolyn Lawrence,Rodger Bumpass,Spongebob Squarepants
33,The Muppet Christmas Carol,Science Fiction & Fantasy,85,G,1992,7.7,69,Brian Henson,Michael Caine,Steve Whitmire,Frank Oz,Dave Goelz,Jerry Nelson
34,Die Hard 2,Mystery & Suspense,124,R,1990,7.1,69,Renny Harlin,Bruce Willis,Bonnie Bedelia,William Atherton,Reginald VelJohnson,Franco Nero
35,The Reckoning,Documentary,112,R,2004,6.6,40,Pamela Yates,Paul Bettany,Willem Dafoe,Simon McBurney,Ewen Bremner,Gina McKee
36,Alice in Wonderland,Action & Adventure,108,PG,2010,6.5,52,Tim Burton,Johnny Depp,Mia Wasikowska,Anne Hathaway,Helena Bonham Carter,Matt Lucas
37,I'm Not There,Drama,135,R,2007,7,76,Todd Haynes,Cate Blanchett,Christian Bale,Richard Gere,Heath Ledger,Marcus Carl Franklin
38,Three Wishes,Drama,115,PG,1995,6.1,13,Martha Coolidge,Patrick Swayze,Mary Elizabeth Mastrantonio,Joe Mazzello,Seth Mumy,David Marshall Grant
39,Aliens,Action & Adventure,137,R,1986,8.4,98,James Cameron,Sigourney Weaver,Carrie Henn,Michael Biehn,Paul Reiser,Bill Paxton
40,Driving Miss Daisy,Drama,99,PG,1989,7.4,81,Bruce Beresford,Jessica Tandy,Morgan Freeman,Dan Aykroyd,Patti LuPone,Esther Rolle
41,Max,Drama,106,R,2002,6.6,69,Menno Meyjes,John Cusack,Noah Taylor,Leelee Sobieski,Molly Parker,Ulrich Thomsen
42,Serpico,Drama,130,R,1973,7.8,90,Sidney Lumet,Al Pacino,John Randolph,Jack Kehoe,Tony Roberts,Biff McGuire
43,Basic,Drama,98,R,2003,6.5,21,John McTiernan,John Travolta,Connie Nielsen,Samuel L. Jackson,Tim Daly,Taye Diggs
44,The Guru,Comedy,94,R,2002,5.4,57,Daisy von Scherler Mayer,Jimi Mistry,Heather Graham,Marisa Tomei,Michael McKean,Dash Mihok
45,The Color Purple,Drama,154,PG-13,1985,7.8,88,Steven Spielberg,Whoopi Goldberg,Danny Glover,Margaret Avery,Oprah Winfrey,Willard E. Pugh
46,The Dream Team,Comedy,113,PG-13,1989,6.5,54,Howard Zieff,Michael Keaton,Christopher Lloyd,Peter Boyle,Stephen Furst,Dennis Boutsikaris
47,The Man Without a Face,Drama,115,PG-13,1993,6.7,67,Mel Gibson,Mel Gibson,Nick Stahl,Margaret Whitton,Fay Masterson,Gaby Hoffmann
48,The White Countess,Drama,135,PG-13,2005,6.7,50,James Ivory,Ralph Fiennes,Natasha Richardson,Vanessa Redgrave,Lynn Redgrave,Madeleine Potter
49,Viva Knievel!,Drama,106,PG,1977,2.7,17,Gordon Douglas,Evel Knievel,Lauren Hutton,Gene Kelly,Red Buttons,Leslie Nielsen
50,Rising Sun,Drama,125,R,1993,6.2,35,Philip Kaufman,Sean Connery,Wesley Snipes,Harvey Keitel,Kevin Anderson,Mako
51,Mojados: Through the Night,Documentary,65,Unrated,2004,7.3,73,Tommy Davis,Tommy Davis,Guapo,Oso,Tigre,Viejo
52,Seven Pounds,Drama,123,PG-13,2008,7.7,27,Gabriele Muccino,Rosario Dawson,Woody Harrelson,Michael Ealy,Barry Pepper,Elpidia Carrillo
53,The Mothman Prophecies,Mystery & Suspense,119,PG-13,2002,6.5,52,Mark Pellington,Richard Gere,Laura Linney,Debra Messing,Will Patton,Lucinda Jenney
54,Breaking and Entering,Drama,120,R,2007,6.6,34,Anthony Minghella,Jude Law,Juliette Binoche,Robin Wright,Martin Freeman,Ray Winstone
55,The English Patient,Drama,162,R,1996,7.4,84,Anthony Minghella,Ralph Fiennes,Juliette Binoche,Willem Dafoe,Kristin Scott Thomas,Colin Firth
56,Heaven & Earth,Drama,140,R,1994,6.8,44,Oliver Stone,Tommy Lee Jones,Hiep Thi Le,Joan Chen,Dr. Haing S. Ngor,Debbie Reynolds
57,The Last Kiss,Drama,115,R,2006,6.5,46,Tony Goldwyn,Zach Braff,Jacinda Barrett,Casey Affleck,Rachel Bilson,Michael Weston
58,Three of Hearts,Drama,102,R,1993,5.5,56,Yurek Bogayevicz,William Baldwin,Kelly Lynch,Sherilyn Fenn,Joe Pantoliano,Gail Strickland
59,The Tortured,Mystery & Suspense,79,R,2012,5.5,6,Robert Lieberman,Erika Christensen,Jesse Metcalfe,Bill Moseley,Fulvio Cecere,Bill Lippincott
60,The Package,Mystery & Suspense,108,R,1989,6.4,64,Andrew Davis,Gene Hackman,Joanna Cassidy,Tommy Lee Jones,John Heard,Kevin Crowley
61,"Happy, Texas",Comedy,98,PG-13,1999,6.3,81,Mark Illsley,Jeremy Northam,Steve Zahn,Ally Walker,Illeana Douglas,William H. Macy
62,Then She Found Me,Drama,100,R,2007,6,50,Helen Hunt,Helen Hunt,Bette Midler,Colin Firth,Matthew Broderick,Ben Shenkman
63,Promises,Documentary,106,Unrated,2002,8.5,96,B.Z. Goldberg,Yarko,Daniel,Mahmoud,Shlomo,Sanabel Cherqaoui
64,Most Dangerous Man in America: Daniel Ellsberg and the Pentagon Papers,Documentary,92,Unrated,2009,7.8,96,Judith Ehrlich,Daniel Ellsberg,Patricia Marx Ellsberg,Richard Falk,Thomas Schelling,Thomas Oliphant
65,The Recruit,Mystery & Suspense,115,PG-13,2003,6.6,43,Roger Donaldson,Al Pacino,Colin Farrell,Bridget Moynahan,Gabriel Macht,Mike Realba
66,Alvin and the Chipmunks: Chipwrecked,Animation,87,G,2011,4.4,12,Mike Mitchell (VI),Jason Lee,Justin Long,Jesse McCartney,Anna Faris,Christina Applegate
67,The Thin Blue Line,Documentary,103,Unrated,1988,8.1,100,Errol Morris,Derek Horton,Ron Thornhill,Marianne Leone,Amanda Caprio,Michael Nicoll
68,The Cotton Club,Musical & Performing Arts,127,R,1984,6.5,75,Francis Ford Coppola,Richard Gere,Gregory Hines,Diane Lane,Lonette McKee,James Remar
69,Lord of the Flies,Drama,90,R,1989,6.4,63,Harry Hook,Balthazar Getty,Chris Furrh,Danuel Pipoly,James Badge Dale,Gary Rule
70,"Same Time, Next Year",Drama,119,PG,1978,7.2,40,Robert Mulligan,Ellen Burstyn,Alan Alda,Ivan Bonar,Bernie Kuby,Cosmo Sardo
71,Proof of Life,Drama,135,R,2000,6.2,40,Taylor Hackford,Meg Ryan,Russell Crowe,David Morse,David Caruso,Pamela Reed
72,Waking Up in Reno,Comedy,91,R,2002,5.5,13,Jordan Brady,Charlize Theron,Patrick Swayze,Natasha Richardson,Billy Bob Thornton,Chelcie Ross
73,Silent Fall,Mystery & Suspense,101,R,1994,5.9,24,Bruce Beresford,Richard Dreyfuss,Ben Faulkner,Linda Hamilton,John Lithgow,J.T. Walsh
74,Rock 'n' Roll High School,Comedy,93,PG,1979,6.8,79,Allan Arkush,P.J. Soles,Vincent Van Patten,Clint Howard,Dey Young,Loren Lester
75,Twilight Zone---The Movie,Horror,101,PG,1983,6.5,65,Joe Dante,Dan Aykroyd,John Lithgow,Nancy Cartwright,Albert Brooks,Vic Morrow
76,The Golden Bowl,Drama,130,R,2000,6,54,James Ivory,Uma Thurman,Kate Beckinsale,Jeremy Northam,Nick Nolte,Anjelica Huston
77,Rio 2,Animation,101,G,2014,6.4,48,Carlos Saldanha,Anne Hathaway,Jesse Eisenberg,will.i.am,Jamie Foxx,George Lopez
78,Easy,Drama,99,R,2004,5.9,59,Jane Weinstock,Marguerite Moreau,Naveen Andrews,Emily Deschanel,Jordan Garrett,Caroline Goodall
79,Major League: Back to the Minors,Comedy,100,PG-13,1998,4.4,21,John Warren,Scott Bakula,Corbin Bernsen,Dennis Haysbert,Takaaki Ishibashi,Jensen Daggett
80,The Wedding Banquet (Xi yan),Drama,106,R,1993,7.6,96,Ang Lee,Winston Chao,May Chin,Mitchell Lichtenstein,Sihung Lung,Ah-Leh Gua
81,Gotti,Drama,116,R,1996,7.3,60,Robert Harmon,Armand Assante,William Forsythe,Anthony Quinn,Vincent Pastore,Richard C. Sarafian
82,Strange Brew,Comedy,90,R,1983,6.8,71,Dave Thomas,Max von Sydow,Paul Dooley,Lynne Griffin,Angus MacInnes,Tom Harvey
83,Robocop 2,Action & Adventure,117,R,1990,5.7,32,Irvin Kershner,Peter Weller,Dan O'Herlihy,Nancy Allen,Felton Perry,Belinda Bauer
84,Riders (Steal),Action & Adventure,83,R,2002,5.5,29,Gerard Pires,Natasha Henstridge,Stephen Dorff,Bruce Payne,Karen Cliche,Cle Bennett
85,Warrior,Drama,140,PG-13,2011,8.2,82,Gavin O'Connor,Joel Edgerton,Tom Hardy,Nick Nolte,Jennifer Morrison (II),Frank Grillo
86,Percy Jackson: Sea of Monsters,Drama,106,PG,2013,5.9,42,Thor Freudenthal,Logan Lerman,Brandon T. Jackson,Alexandra Daddario,Nathan Fillion,Jake Abel
87,Visioneers,Drama,94,R,2008,6.1,70,Jared Drake,Zach Galifianakis,Judy Greer,Mia Maestro,Missi Pyle,Aubrey Morris
88,Bats,Drama,91,R,1999,3.6,17,Louis Morneau,Lou Diamond Phillips,Dina Meyer,Bob Gunton,Leon,Carlos Jacott
89,The Brother from Another Planet,Drama,108,R,1984,6.8,92,John Sayles,Joe Morton,Darryl Edwards,Steve James,Leonard Jackson,Bill Cobbs
90,Blame It on Rio,Comedy,100,R,1984,5.7,9,Stanley Donen,Michael Caine,Michelle Johnson,Joseph Bologna,Valerie Harper,Demi Moore
91,North Face (Nordwand),Drama,126,Unrated,2010,7.4,84,Philipp Stolzl,Benno Furmann,Florian Lukas,Johanna Wokalek,Georg Friedrich,Simon Schwarz
92,Predator,Action & Adventure,107,R,1987,7.8,78,Shane Black,Arnold Schwarzenegger,Carl Weathers,Elpidia Carrillo,Bill Duke,Jesse Ventura
93,The Reef,Mystery & Suspense,94,R,2010,5.8,78,Andrew Traucki,Damian Walshe-Howling,Zoe Naylor,Adrienne Pickering,Gyton Grantley,Kieran Darcy-Smith
94,Dirty Sanchez: The Movie,Comedy,94,R,2007,6.2,40,Jim Hickey,Lee Dainton,Dan Joyce,Michael Pancho Locke,Matt Pritchard,Howard Marks
95,Shakedown,Drama,97,R,1988,5.8,71,James Glickenhaus,Sam Elliott,Peter Weller,Patricia Charbonneau,Blanche Baker,Richard Brooks (VI)
96,The Principal,Drama,109,R,1987,6.2,50,Christopher Cain,James Belushi,Michael Wright,Louis Gossett Jr,Rae Dawn Chong,Esai Morales
97,A New Life,Drama,104,PG-13,1988,5.7,29,Alan Alda,Alan Alda,Ann-Margret,Mary Kay Place,John Shea,Hal Linden
98,Arlington Road,Mystery & Suspense,117,R,1999,7.2,62,Mark Pellington,Jeff Bridges,Tim Robbins,Hope Davis,Joan Cusack,Robert Gossett
99,Annie Hall,Comedy,93,PG,1977,8.1,98,Woody Allen,Woody Allen,Diane Keaton,Tony Roberts,Paul Simon,Carol Kane
100,Charlie: The Life and Art of Charles Chaplin,Documentary,132,Unrated,2004,8,95,Richard Schickel,Woody Allen,Johnny Depp,Sydney Pollack,Milos Forman,Marcel Marceau
101,The Sessions,Drama,95,R,2012,7.2,93,Ben Lewin,John Hawkes,Helen Hunt,William H. Macy,Annika Marks,Moon Bloodgood
102,Prison,Drama,102,R,1988,5.9,40,Renny Harlin,Lane Smith,Viggo Mortensen,Chelsea Field,Andre De Shields,Lincoln Kilpatrick
103,Kiss of Death,Drama,101,R,1995,5.9,68,Barbet Schroeder,David Caruso,Samuel L. Jackson,Helen Hunt,Kathryn Erbe,Nicolas Cage
104,Citizen X,Drama,105,R,1995,7.7,86,Chris Gerolmo,Stephen Rea,Donald Sutherland,Jeffrey DeMunn,Max von Sydow,Joss Ackland
105,The Comebacks,Comedy,84,PG-13,2007,4.1,9,Tom Brady,David Koechner,Carl Weathers,Melora Hardin,Matthew Lawrence,Brooke Nevin
106,The Other Woman,Drama,102,R,2011,6.4,39,Don Roos,Natalie Portman,Lisa Kudrow,Scott Cohen,Charlie Tahan,Lauren Ambrose
107,Pusher III: I'm the Angel of Death,Drama,90,R,2005,7.3,92,Nicolas Winding Refn,Zlatko Buric,Zlatko Burik,Marinela Dekic,Ilyas Agac,Slavko Labovic
108,Two for the Money,Drama,122,R,2005,6.2,22,D.J. Caruso,Al Pacino,Matthew McConaughey,Rene Russo,Armand Assante,Jeremy Piven
109,Star Trek V - The Final Frontier,Action & Adventure,107,PG,1989,5.4,21,William Shatner,William Shatner,Leonard Nimoy,DeForest Kelley,James Doohan,Walter Koenig
110,Cop & 1/2,Comedy,97,PG,1993,3.8,17,Henry Winkler,Burt Reynolds,Norman D. Golden II,Ruby Dee,Holland Taylor,Ray Sharkey
111,Django Unchained,Other,165,R,2012,8.5,88,Quentin Tarantino,Jamie Foxx,Christoph Waltz,Leonardo DiCaprio,Gerald McRaney,Samuel L. Jackson
112,Cousins,Drama,109,PG-13,1989,6.2,50,Joel Schumacher,Ted Danson,Isabella Rossellini,Sean Young,William L. Petersen,Lloyd Bridges
113,Spy Game,Drama,126,R,2001,7,66,Tony Scott,Robert Redford,Brad Pitt,Catherine McCormack,Stephen Dillane,Larry Bryggman
114,Held Up,Comedy,89,PG-13,2000,5.1,17,Steve Rash,Jamie Foxx,Nia Long,Barry Corbin,John Cullum,Jake Busey
115,Striking Distance,Mystery & Suspense,102,R,1993,5.8,14,Rowdy Herrington,Bruce Willis,Tom Sizemore,Sarah Jessica Parker,Brion James,Dennis Farina
116,One Night With the King,Drama,123,PG,2006,6.3,19,Michael O. Sajbel,Peter O'Toole,Tiffany Dupont,Omar Sharif,Luke Goss,John Rhys-Davies
117,Phil Ochs: There But For Fortune,Musical & Performing Arts,96,Unrated,2011,7.6,97,Kenneth Bowser,Phil Ochs,Joan Baez,Tom Hayden,Pete  Seeger,Peter Yarrow
118,Lethal Weapon 4,Action & Adventure,127,R,1998,6.6,52,Richard Donner,Danny Glover,Mel Gibson,Chris Rock,Jet Li,Joe Pesci
119,101 Dalmatians,Action & Adventure,103,G,1996,5.6,38,Stephen Herek,Glenn Close,Jeff Daniels,Joely Richardson,Joan Plowright,Hugh Laurie
120,Bhutto,Documentary,111,Unrated,2010,7.8,86,Duane Baughman,Tariq Ali,Reza Aslan,Diana Aveni,Benazir Bhutto,Fatima Bhutto
121,Deep Impact,Drama,120,PG-13,1998,6.1,48,Mimi Leder,Robert Duvall,Tea Leoni,Elijah Wood,Vanessa Redgrave,Maximilian Schell
122,Shoot 'Em Up,Drama,86,R,2007,6.7,67,Michael Davis,Clive Owen,Paul Giamatti,Monica Bellucci,Stephen McHattie,Greg Bryk
123,The Room,Drama,99,R,2003,3.5,35,Tommy Wiseau,Tommy Wiseau,Juliette Danielle,Greg Sestero,Philip Haldiman,Carolyn Minnott
124,Made of Honor,Comedy,101,PG-13,2008,5.8,14,Paul Weiland,Patrick Dempsey,Michelle Monaghan,Kevin Mckidd,Kathleen Quinlan,Sydney Pollack
125,The Longest Yard,Drama,121,R,1974,7.1,81,Robert Aldrich,Burt Reynolds,Eddie Albert,Ed Lauter,Michael Conrad,Malcolm Atterbury
126,Dirty Love,Comedy,91,R,2005,3.5,4,John Mallory Asher,Jenny McCarthy,Carmen Electra,Eddie Kaye Thomas,Kathy Griffin,Kam Heskin
127,Berberian Sound Studio,Horror,92,Unrated,2013,6.2,84,Peter Strickland,Toby Jones,Cosimo Fusco,Guido Adorni,Fatma Mohamed,Eugenia Caruso
128,A Good Old Fashioned Orgy,Comedy,95,R,2011,6.2,32,Alex Gregory,Jason Sudeikis,Leslie Bibb,Lake Bell,Michelle Borth,Nick Kroll
129,May,Drama,93,R,2003,6.7,69,Lucky McKee,Angela Bettis,Jeremy Sisto,Anna Faris,James Duval,Nichole M. Hiltz
130,Any Day Now,Drama,98,R,2012,7.5,79,Travis Fine,Alan Cumming,Garret Dillahunt,Isaac Leyva,Gregg Henry,Frances Fisher
131,Africa: The Serengeti,Documentary,39,Unrated,1994,7.3,100,George Casey,James Earl Jones,NA,NA,NA,NA
132,Grosse Pointe Blank,Drama,107,R,1997,7.4,79,George Armitage,John Cusack,Minnie Driver,Dan Aykroyd,Alan Arkin,Joan Cusack
133,Jack and Jill,Comedy,91,PG,2011,3.4,3,Dennis Dugan,Adam Sandler,Al Pacino,Katie Holmes,Elodie Tougne,Rohan Chand
134,Sherman's March,Documentary,157,Unrated,1986,7.5,100,Ross McElwee,Charleen Swansea,Richard Leacock,Burt Reynolds,Charleen Swansea,Ross McElwee
135,"The Ninth Configuration (Twinkle, Twinkle, Killer Kane)",Drama,118,R,1980,7.2,70,William Peter Blatty,Stacy Keach,Scott Wilson,Jason Miller,Ed Flanders,Neville Brand
136,Mr. & Mrs. Bridge,Drama,126,PG-13,1990,6.7,80,James Ivory,Paul Newman,Joanne Woodward,Blythe Danner,Robert Sean Leonard,Kyra Sedgwick
137,Space Jam,Comedy,88,PG,1996,6.3,36,Joe Pytka,Michael Jordan,Charles Barkley,Patrick Ewing,Muggsy Bogues,Patrick Ewing
138,Spring Breakers,Drama,94,R,2013,5.3,66,Harmony Korine,Selena Gomez,James Franco,Ashley Benson,Rachel Korine,Vanessa Hudgens
139,Fantastic Four: Rise of the Silver Surfer,Action & Adventure,92,PG,2007,5.6,37,Tim Story,Ioan Gruffudd,Jessica Alba,Chris Evans,Michael Chiklis,Julian McMahon
140,The Hangover,Comedy,100,R,2009,7.8,79,Todd Phillips,Bradley Cooper,Ed Helms,Zach Galifianakis,Justin Bartha,Heather Graham
141,The Shaggy D.A.,Comedy,91,G,1976,5.7,50,Robert Stevenson,Dean Jones,Keenan Wynn,Tim Conway,Suzanne Pleshette,Jo Ann Worley
142,Orca - The Killer Whale,Drama,92,PG,1977,5.6,15,Michael Anderson,Richard Harris,Charlotte Rampling,Keenan Wynn,Will Sampson,Bo Derek
143,Tang shan da xiong (Fists of Fury) (The Big Boss),Drama,100,R,1972,7.1,60,Wei Lo,Bruce Lee,Maria Yi,Nora Miao,James Tien,Mao Ker Hsiu
144,The Story Of Luke,Drama,96,Unrated,2013,7.3,80,Alonso Mayo,Lou Taylor Pucci,Seth Green,Cary Elwes,Kristin Bauer van Straten,Kenneth Welsh
145,"New York, New York",Drama,155,PG,1977,6.7,67,Martin Scorsese,Liza Minnelli,Robert De Niro,Lionel Stander,Barry Primus,Mary Kay Place
146,Barbarosa,Other,90,PG,1982,6.6,100,Fred Schepisi,Willie Nelson,Gary Busey,Gilbert Roland,Isela Vega,Danny De La Paz
147,Sinbad and the Eye of the Tiger,Action & Adventure,113,G,1977,6.3,63,Sam Wanamaker,Patrick Wayne,Taryn Power,Margaret Whiting,Jane Seymour,Patrick Troughton
148,K-19: The Widowmaker,Drama,138,PG-13,2002,6.6,60,Kathryn Bigelow,Harrison Ford,Liam Neeson,Peter Sarsgaard,Christian Camargo,Joss Ackland
149,What's Eating Gilbert Grape,Drama,118,PG-13,1993,7.8,89,Lasse Hallstrom,Johnny Depp,Leonardo DiCaprio,Juliette Lewis,Mary Steenburgen,Darlene Cates
150,Of Mice and Men,Drama,115,PG-13,1992,7.5,96,Gary Sinise,John Malkovich,Gary Sinise,Ray Walston,Casey Siemaszko,Sherilyn Fenn
151,In the Name of the King: A Dungeon Siege Tale,Action & Adventure,127,PG-13,2006,3.8,4,Uwe Boll,Jason Statham,Leelee Sobieski,John Rhys-Davies,Ron Perlman,Claire Forlani
152,Hairspray,Musical & Performing Arts,117,PG,2007,6.8,91,Adam Shankman,John Travolta,Michelle Pfeiffer,Queen Latifah,Christopher Walken,James Marsden
153,Godzilla,Mystery & Suspense,123,PG-13,2014,6.5,74,Gareth Edwards,Aaron Taylor-Johnson,Elizabeth Olsen,Bryan Cranston,David Strathairn,Ken Watanabe
154,The Freshman,Drama,102,PG,1990,6.5,93,Andrew Bergman,Marlon Brando,Matthew Broderick,Bruno Kirby,Penelope Ann Miller,Frank Whaley
155,The Legend of Hercules,Action & Adventure,99,PG-13,2014,4.2,3,Renny Harlin,Kellan Lutz,Liam McIntyre,Scott Adkins,Liam Garrigan,Johnathon Schaech
156,North Sea Hijack (ffolkes) (Assault Force),Action & Adventure,100,PG,1980,6.3,33,Andrew V. McLaglen,Roger Moore,James Mason,Anthony Perkins,Michael Parks,David Hedison
157,Texasville,Drama,123,R,1991,6,55,Peter Bogdanovich,Jeff Bridges,Cybill Shepherd,Annie Potts,Timothy Bottoms,Cloris Leachman
158,My Baby's Daddy,Comedy,86,PG-13,2004,4.5,4,Cheryl Dunye,Anthony Anderson,Michael Imperioli,Paula Jai Parker,Joanna Bacalso,Ling Bai
159,Clerks II,Drama,97,R,2006,7.4,63,Kevin Smith,Brian O'Halloran,Jeff Anderson,Rosario Dawson,Jason Mewes,Trevor Fehrman
160,White House Down,Drama,131,PG-13,2013,6.4,51,Roland Emmerich,Channing Tatum,Jamie Foxx,Maggie Gyllenhaal,Jason Clarke,Richard Jenkins
161,Flesh & Blood (Flesh+Blood) (The Rose and the Sword),Drama,126,R,1985,6.7,79,Paul Verhoeven,Rutger Hauer,Jennifer Jason Leigh,Tom Burlinson,Jack Thompson,Susan Tyrrell
162,Bastard out of Carolina,Drama,97,R,1996,7.4,100,Anjelica Huston,Jennifer Jason Leigh,Jena Malone,Ron Eldard,Dermot Mulroney,Glenne Headly
163,Red Dawn,Action & Adventure,114,PG-13,1984,6.3,53,John Milius,Patrick Swayze,C. Thomas Howell,Ron O'Neal,Lea Thompson,Jennifer Grey
164,Rescue Dawn,Drama,120,PG-13,2007,7.4,91,Werner Herzog,Christian Bale,Steve Zahn,Jeremy Davies,Marshall Bell,Teerawat Mulvilai
165,The Longshots,Drama,94,PG,2008,5.1,41,Fred Durst,Ice Cube,Keke Palmer,Tasha Smith,Jill Marie Jones,Dash Mihok
166,Blind Spot: Hitler's Secretary,Documentary,90,PG,2002,7.3,85,Andre Heller,Traudl Junge,Traudl Junge,James Franco,Shawn Montgomery,Mark Gleason
167,U-Turn,Drama,125,R,1997,6.8,59,Oliver Stone,Sean Penn,Nick Nolte,Jennifer Lopez,Powers Boothe,Claire Danes
168,Something's Gotta Give,Comedy,128,PG-13,2003,6.7,71,Nancy Meyers,Jack Nicholson,Diane Keaton,Frances McDormand,Keanu Reeves,Amanda Peet
169,A Boy and His Dog,Drama,91,R,1975,6.6,75,L.Q. Jones,Don Johnson,Susanne Benton,Jason Robards,Tiger,Charles McGraw
170,Terror Train,Horror,97,R,1980,5.9,36,Roger Spottiswoode,Ben Johnson,Jamie Lee Curtis,David Copperfield,Hart Bochner,Derek McKinnon
171,Leatherface: The Texas Chainsaw Massacre III,Horror,85,R,1990,5.1,19,Jeff Burr,Kate Hodge,Ken Foree,Viggo Mortensen,R.A. Mihailoff,Miriam Byrd-Nethery
172,Lorenzo's Oil,Drama,129,PG-13,1992,7.2,94,NA,Nick Nolte,Susan Sarandon,Peter Ustinov,Kathleen Wilhoite,Gerry Bamman
173,Groundhog Day,Other,101,PG,1993,8.1,96,Harold Ramis,Bill Murray,Andie MacDowell,Chris Elliott,Stephen Tobolowsky,Brian Doyle-Murray
174,Conviction,Drama,107,R,2010,7.2,67,Tony Goldwyn,Sam Rockwell,Minnie Driver,Melissa Leo,Peter Gallagher,Ari Graynor
175,Kicking It,Documentary,98,Unrated,2008,7.4,53,Jeff Werner,Colin Farrell,Brandon Francis,NA,NA,NA
176,Vampire Hunter D: Bloodlust,Action & Adventure,103,R,2001,7.8,72,Yoshiaki Kawajiri,Wendee Lee,Andrew Philpot,Pamela Segall,Toshihiko Seki,Megumi Hayashibara
177,Bounce,Drama,106,PG-13,2000,5.7,52,Don Roos,Ben Affleck,Gwyneth Paltrow,Tony Goldwyn,Alex D. Linz,David Dorfman
178,A Mighty Heart,Drama,108,R,2007,6.7,79,Michael Winterbottom,Angelina Jolie,Dan Futterman,Archie Panjabi,Irfan Khan,Will Patton
179,Santa Sangre,Drama,123,R,1990,7.7,85,Alejandro Jodorowsky,Sergio Bustamante,Adan Jodorowsky,Jesus Juarez,Axel Jodorowsky,Guy Stockwell
180,Resident Evil,Action & Adventure,100,R,2002,6.7,33,Paul W.S. Anderson,Milla Jovovich,Michelle Rodriguez,Eric Mabius,James Purefoy,Martin Crewes
181,Top Gun,Drama,110,PG,1986,6.9,54,Tony Scott,Tom Cruise,Kelly McGillis,Anthony Edwards,Val Kilmer,Tom Skerritt
182,25th Hour,Drama,135,R,2003,7.7,78,Spike Lee,Edward Norton,Barry Pepper,Philip Seymour Hoffman,Rosario Dawson,Anna Paquin
183,The Bad News Bears in Breaking Training,Comedy,100,PG,1977,5.4,50,Michael Pressman,William Devane,Jackie Earle Haley,Clifton James,Jimmy Baio,Chris Barnes
184,Streets of Gold,Drama,95,R,1986,6,31,Joe Roth,Klaus Maria Brandauer,Adrian Pasdar,Richard Pasdar,Wesley Snipes,Angela Molina
185,The Mod Squad,Drama,92,R,1999,4.1,4,Scott Silver,Claire Danes,Giovanni Ribisi,Omar Epps,Josh Brolin,Dennis Farina
186,Where the Heart Is,Drama,107,R,1990,6.1,11,John Boorman,Dabney Coleman,Uma Thurman,Joanna Cassidy,Crispin Glover,Suzy Amis
187,Battlefield Earth,Action & Adventure,118,PG-13,2000,2.4,3,Roger Christian,John Travolta,Barry Pepper,Forest Whitaker,Kim Coates,Richard Tyson
188,Osmosis Jones,Comedy,95,PG,2001,6.2,55,Bill Murray,Bill Murray,Chris Rock,Laurence Fishburne,David Hyde Pierce,William Shatner
189,Never Cry Wolf,Drama,105,PG,1983,7.6,100,Carroll Ballard,Charles Martin Smith,Brian Dennehy,Zachary Ittimangnaq,Samson Jorah,Hugh Webster
190,A Good Woman,Drama,93,PG,2006,6.5,37,Mike Barker,Helen Hunt,Scarlett Johansson,Tom Wilkinson,Stephen Campbell Moore,Mark Umbers
191,Drive,Drama,100,R,2011,7.8,92,Nicolas Winding Refn,Ryan Gosling,Carey Mulligan,Albert Brooks,Bryan Cranston,Christina Hendricks
192,2 Days in the Valley,Drama,104,R,1996,6.5,60,John Herzfeld,Danny Aiello,Greg Cruttwell,James Spader,Teri Hatcher,Charlize Theron
193,Married to It,Drama,112,R,1993,5.9,33,Arthur Hiller,Beau Bridges,Stockard Channing,Robert Sean Leonard,Mary Stuart Masterson,Cybill Shepherd
194,Pay It Forward,Drama,123,PG-13,2000,7.1,40,Mimi Leder,Kevin Spacey,Helen Hunt,Haley Joel Osment,Angie Dickinson,Jay Mohr
195,Topsy-Turvy,Drama,154,R,1999,7.4,89,Mike Leigh,Jim Broadbent,Allan Corduner,Alan Corduner,Timothy Spall,Lesley Manville
196,Beyond the Gates,Drama,115,R,2005,7.7,84,Michael Caton-Jones,John Hurt,Hugh Dancy,Dominique Horwitz,Louis Mahoney,Nicola Walker
197,Top Secret!,Comedy,90,PG,1984,7.2,76,David Zucker,Val Kilmer,Omar Sharif,Lucy Gutteridge,Christopher Villiers,Peter Cushing
198,Gaza Strip,Documentary,74,Unrated,2002,7.3,78,James Longley,NA,NA,NA,NA,NA
199,Night and the City,Drama,105,R,1992,5.8,67,Irwin Winkler,Robert De Niro,Jessica Lange,Cliff Gorman,Alan King,Eli Wallach
200,Lockout (Unrated),Action & Adventure,95,PG-13,2012,6.1,38,Stephen St. Leger,Guy Pearce,Maggie Grace,Vincent Regan,Peter Stormare,Lennie James
201,Orwell Rolls in His Grave,Documentary,84,Unrated,2003,8.1,79,Robert Kane Pappas,Robert Kane Pappas,Danny Schechter,Charles Lewis,Vincent Bugliosi,Michael Moore
202,Sunshine Cleaning,Comedy,91,R,2009,6.9,72,Christine Jeffs,Amy Adams,Emily Blunt,Alan Arkin,Jason Spevack,Steve Zahn
203,The Stupids,Comedy,94,PG,1996,4.1,21,John Landis,Tom Arnold,Jessica Lundy,Bug Hall,Alex McKenna,Mark Metcalf
204,Better This World,Documentary,82,Unrated,2011,7.3,100,Kelly Duane,Brad Crowder,David McKay,Brandon Darby,E.K. Wilson,Christopher Langert
205,Wimbledon,Drama,98,PG-13,2004,6.3,60,Richard Loncraine,Kirsten Dunst,Paul Bettany,Sam Neill,James McAvoy,Bernard Hill
206,B. Monkey,Drama,92,R,1999,6,61,Michael Radford,Asia Argento,Jared Harris,Rupert Everett,Jonathan Rhys Meyers,Julie T. Wallace
207,Caveman,Action & Adventure,91,PG,1981,5.7,24,Carl Gottlieb,Ringo Starr,Dennis Quaid,Shelley Long,Jack Gilford,John Matuszak
208,V for Vendetta,Drama,132,R,2006,8.2,73,James McTeigue,Natalie Portman,Hugo Weaving,Stephen Rea,John Hurt,Stephen Fry
209,One on One,Drama,98,PG,1977,6.4,83,Lamont Johnson,Robby Benson,Annette O'Toole,G.D. Spradlin,Gail Strickland,Melanie Griffith
210,Flesh And Bone,Drama,126,R,1993,6.2,67,Steve Kloves,Dennis Quaid,Meg Ryan,James Caan,Gwyneth Paltrow,Jerry Swindall
211,Mission: Impossible,Mystery & Suspense,110,PG-13,1996,7.1,63,Brian DePalma,Tom Cruise,Jon Voight,Henry Czerny,Jean Reno,Ving Rhames
212,A Time to Kill,Mystery & Suspense,149,R,1996,7.4,67,Joel Schumacher,Matthew McConaughey,Samuel L. Jackson,Sandra Bullock,Kevin Spacey,Brenda Fricker
213,The Color of Money,Other,119,R,1986,7,90,Martin Scorsese,Paul Newman,Tom Cruise,Mary Elizabeth Mastrantonio,Helen Shaver,John Turturro
214,Knightriders,Drama,146,R,1981,6.4,82,George A. Romero,Ed Harris,Gary Lahti,Tom Savini,Amy Ingersoll,Patricia Tallman
215,The Company You Keep,Mystery & Suspense,125,R,2013,6.4,55,Robert Redford,Robert Redford,Shia LaBeouf,Julie Christie,Susan Sarandon,Nick Nolte
216,Madea Goes to Jail,Drama,103,PG-13,2009,4.1,29,Tyler Perry,Tyler Perry,Derek Luke,Keshia Knight Pulliam,Ion Overman,Sofia Vergara
217,Every Which Way But Loose,Action & Adventure,114,PG,1978,6.2,31,James Fargo,Clint Eastwood,Sondra Locke,Geoffrey Lewis,Beverly D'Angelo,Ruth Gordon
218,Strictly Business,Drama,83,PG-13,1991,5.3,10,Rolando Hudson,Tommy Davidson,Joseph C. Phillips,Anne-Marie Johnson,David Marshall Grant,Jon Cypher
219,Once,Musical & Performing Arts,85,R,2007,7.9,97,John Carney (V),Glen Hansard,Marketa Irglova,Geoff Minogue,Mal Whyte,Bill Hodnett
220,Beverly Hills Cop,Action & Adventure,105,R,1984,7.3,83,Martin Brest,Eddie Murphy,Judge Reinhold,John Ashton,Lisa Eilbacher,Lisa Eichhorn
221,The Raven,Mystery & Suspense,110,R,2012,6.4,22,James McTeigue,Luke Evans,John Cusack,Brendan Gleeson,Alice Eve,Oliver Jackson-Cohen
222,Nick and Norah's Infinite Playlist,Comedy,90,PG-13,2008,6.7,74,Peter Sollett,Michael Cera,Kat Dennings,Alexis Dziena,Ari Graynor,Aaron Yoo
223,Attack of the 50 Foot Woman,Other,90,R,1993,3.8,22,Christopher Guest,Daryl Hannah,Daniel Baldwin,Xander Berkeley,NA,NA
224,The Sum of All Fears,Drama,124,PG-13,2002,6.4,59,Phil Alden Robinson,Ben Affleck,Morgan Freeman,James Cromwell,Liev Schreiber,Bridget Moynahan
225,The Interview,Comedy,112,R,2014,6.6,51,Seth Rogen,James Franco,Seth Rogen,Lizzy Caplan,Randall Park,Diana Bang
226,Let the Right One In,Drama,115,R,2008,8,98,Tomas Alfredson,Kare Hedebrant,Lina Leandersson,Per Ragnar,Henrik Dahl,Karin Bergquist
227,Volcano,Drama,104,PG-13,1997,5.4,44,Mick Jackson,Tommy Lee Jones,Anne Heche,Don Cheadle,Jacqueline Kim,Keith David
228,Nostalgia for the Light,Documentary,90,Unrated,2011,7.6,100,Patricio Guzman,Gaspar Galaz,Lautaro Nunez de Arco,Luis Henriquez,Miguel Lawner,Victor Gonzalez
229,Where the Heart Is,Drama,120,PG-13,2000,6.8,35,Matt Williams,Natalie Portman,Ashley Judd,Sally Field,Stockard Channing,Joan Cusack
230,The Cake Eaters,Art House & International,86,R,2007,6.5,64,Mary Stuart Masterson,Aaron Stanford,Bruce Dern,Jesse L. Martin,Kristen Stewart,Jayce Bartok
231,The Darwin Awards,Drama,94,R,2006,5.9,25,Finn Taylor,Joseph Fiennes,Winona Ryder,Chris Penn,Wilmer Valderrama,Tim Blake Nelson
232,Kick-Ass 2,Action & Adventure,103,R,2013,6.6,30,Jeff Wadlow,Aaron Taylor-Johnson,Christopher Mintz-Plasse,Chloe Grace Moretz,John Leguizamo,Donald Faison
233,Hotel Terminus: The Life and Times of Klaus Barbie,Documentary,267,Unrated,1988,7.8,100,Marcel Ophuls,Claude Lanzmann,Jeanne Moreau,Johannes Schneider-Merck,Klaus Barbie,Marcel Cruat
234,Jade,Drama,95,R,1995,5.1,14,William Friedkin,David Caruso,Linda Fiorentino,Chazz Palminteri,Michael Biehn,Richard Crenna
235,Lethal Weapon,Drama,110,R,1987,7.6,84,Richard Donner,Mel Gibson,Danny Glover,Gary Busey,Darlene Love,Mitchell Ryan
236,Closet Land,Mystery & Suspense,89,R,1991,7.2,44,Radha Bharadwaj,Madeleine Stowe,Alan Rickman,NA,NA,NA
237,Cast Away,Drama,143,PG-13,2000,7.7,90,Robert Zemeckis,Tom Hanks,Helen Hunt,Nick Searcy,Chris Noth,Lari White
238,Crocodile Dundee in Los Angeles,Action & Adventure,92,PG,2001,4.8,11,Simon Wincer,Paul Hogan,Linda Kozlowski,Jere Burns,Alec Wilson,Gerry Skilton
239,Motorama,Drama,90,R,1992,6.4,60,Barry Shils,Jordan Christopher Michael,Sandy Baron,Mary Woronov,Meat Loaf,Drew Barrymore
240,Lost and Delirious,Drama,103,R,2001,7,51,Lea Pool,Piper Perabo,Jessica Pare,Mischa Barton,Jackie Burroughs,Eleanor Bannet
241,Antiviral,Drama,108,Unrated,2013,5.6,64,Brandon Cronenberg,Caleb Landry Jones,Sarah Gadon,Douglas Smith,Joe Pingue,Malcolm McDowell
242,Class Action,Mystery & Suspense,110,R,1991,6.3,75,Michael Apted,Gene Hackman,Mary Elizabeth Mastrantonio,Colin Friels,Joanna Merlin,Laurence Fishburne
243,The Pit and the Pendulum,Horror,97,R,1991,6.1,56,Stuart Gordon,Lance Henriksen,Rona De Ricci,Jonathan Fuller,Frances Bay,Jeffrey Combs
244,Man on Wire,Documentary,94,PG-13,2008,7.9,100,James Marsh,Philippe Petit,Alan Welner,Annie Allix,Jim Moore,Jean Francois Heckel
245,Madagascar: Escape 2 Africa,Action & Adventure,89,PG,2008,6.7,64,Tom McGrath,Ben Stiller,Chris Rock,David Schwimmer,Jada Pinkett Smith,Sacha Baron Cohen
246,Failure to Launch,Drama,97,PG-13,2006,5.6,24,Tom Dey,Matthew McConaughey,Sarah Jessica Parker,Zooey Deschanel,Justin Bartha,Bradley Cooper
247,London to Brighton,Mystery & Suspense,85,R,2008,7,67,Paul Andrew Williams,Lorraine Stanley,Georgia Groome,Johnny Harris,Nathan Constance,Sam Spruell
248,A Stranger Among Us,Drama,110,PG-13,1992,5.7,23,Sidney Lumet,Melanie Griffith,Eric Thal,John Pankow,Tracy Pollan,Lee Richardson
249,Van Wilder: The Rise of Taj (Van Wilder 2),Comedy,97,R,2006,4.8,7,Mort Nathan,Kal Penn,Lauren Cohan,Dan Percival,Daniel Percival,Glen Barry
250,The Human Stain,Mystery & Suspense,106,R,2003,6.3,43,Robert Benton,Anthony Hopkins,Nicole Kidman,Ed Harris,Gary Sinise,Wentworth Miller
251,Woo,Comedy,84,R,1998,3.8,10,Tommy Davidson,Jada Pinkett Smith,Tommy Davidson,Girlina,Dave Chappelle,Paula Jai Parker
252,The Black Stallion,Action & Adventure,118,G,1979,7.4,88,Carroll Ballard,Kelly Reno,Mickey Rooney,Teri Garr,Clarence Muse,Hoyt Axton
253,Savior,Drama,103,R,1998,7.3,56,Predrag Antonijevic,Dennis Quaid,Nastassja Kinski,Natasa Ninkovic,Sergej Trifunovic,Nebojsa Glogovac
254,Project X,Drama,88,R,2012,6.7,28,Jonathan Kaplan,Thomas Mann,Oliver Cooper,Dax Flame,Kirby Bliss Blanton,Jonathan Brown
255,Bottle Rocket,Drama,91,R,1996,7.1,85,Wes Anderson,Owen Wilson,Luke Wilson,Robert Musgrave,Ned Dowd,James Caan
256,At First Sight,Drama,128,PG-13,1999,5.9,32,Irwin Winkler,Val Kilmer,Mira Sorvino,Kelly McGillis,Steven Weber,Bruce Davison
257,Session 9,Drama,100,R,2001,6.5,63,Brad Anderson,David Caruso,Stephen Gevedon,Paul Guilfoyle,Josh Lucas,Peter Mullan
258,Liz & Dick,Drama,88,Unrated,2012,4.1,33,Lloyd Kramer,Lindsay Lohan,Grant  Bowler,Theresa Russell,David Hunt,Bruce Nozick
259,The Devil's Rejects,Horror,107,R,2005,6.9,53,Rob Zombie,Sid Haig,Bill Moseley,William Forsythe,Ken Foree,Matthew McGrory
260,Surviving Progress,Documentary,86,G,2012,7.5,75,Mathieu Roy,Enio Beata,Colin Beavan,Jane Goodall,Margaret Atwood,Robert Wright
261,The Squeeze,Action & Adventure,101,PG-13,1987,4.5,17,Roger Young,Michael Keaton,Rae Dawn Chong,Meat Loaf,John Davidson,Ric Abernathy
262,Kindergarten Cop,Action & Adventure,111,PG-13,1990,6,51,Ivan Reitman,Arnold Schwarzenegger,Penelope Ann Miller,Pamela Reed,Linda Hunt,Richard Tyson
263,In the Loop,Art House & International,106,Unrated,2009,7.5,94,Armando Iannucci,Tom Hollander,Peter Capaldi,James Gandolfini,Gina McKee,Anna Chlumsky
264,Cypher,Action & Adventure,95,R,2002,6.8,58,Vincenzo Natali,Jeremy Northam,Lucy Liu,Nigel Bennett,Timothy Webber,David Hewlett
265,Love and Death,Drama,85,PG,1975,7.8,100,Woody Allen,Woody Allen,Diane Keaton,Harold Gould,Despo Diamantidou,Edmond Ardisson
266,Happy Gilmore,Comedy,92,PG-13,1996,7,60,Dennis Dugan,Adam Sandler,Christopher McDonald,Julie Bowen,Frances Bay,Carl Weathers
267,Catch a Fire,Drama,101,PG-13,2006,6.7,76,Phillip Noyce,Tim Robbins,Derek Luke,Bonnie Henna,Mncedisi Shabangu,Tumisho K. Masha
268,Run Lola Run,Drama,81,R,1999,7.8,93,Tom Tykwer,Franka Potente,Moritz Bleibtreu,Herbert Knaup,Nina Petri,Armin Rohde
269,Funny Farm,Comedy,101,PG,1988,6.1,67,George Roy Hill,Chevy Chase,Madolyn Smith Osborne,Kevin O'Morrison,Joseph Maher,Jack Gilpin
270,Winter Kills,Mystery & Suspense,97,R,1977,6.4,86,William Richert,Jeff Bridges,John Huston,Anthony Perkins,Eli Wallach,Sterling Hayden
271,Waking Life,Drama,99,R,2001,7.8,80,Richard Linklater,Lorelei Linklater,Trevor Jack Brooks,Glover Gill,Timothy 'Speed' Levitch,Laura Hicks
272,An Ideal Husband,Comedy,97,PG-13,1999,6.9,85,Oliver Parker,Rupert Everett,Julianne Moore,Jeremy Northam,Cate Blanchett,Minnie Driver
273,Being John Malkovich,Drama,112,R,1999,7.8,93,Spike Jonze,John Cusack,Cameron Diaz,Catherine Keener,John Malkovich,Orson Bean
274,Secondhand Lions,Drama,111,PG,2003,7.6,59,Tim McCanlies,Michael Caine,Robert Duvall,Haley Joel Osment,Kyra Sedgwick,Nicky Katt
275,Politiki Kouzina (A Touch of Spice),Drama,108,Unrated,2003,7.6,31,Tassos Boulmetis,Georges Corraface,Ieroklis Michaelidis,Ieroklis Mihailidis,Renia Louizidou,Basak Koklukaya
276,Hellboy II: The Golden Army (Hellboy 2),Action & Adventure,120,PG-13,2008,7,85,Guillermo del Toro,Ron Perlman,Selma Blair,Jeffrey Tambor,Luke Goss,John Alexander
277,The Return of the Pink Panther,Mystery & Suspense,113,G,1975,7.1,89,Blake Edwards,Peter Sellers,Christopher Plummer,Catherine Schell,Herbert Lom,Peter Arne
278,Love the Beast,Documentary,92,R,2009,7.5,61,Eric Bana,Eric Bana,Jay Leno,Phil McGraw,Jeremy Clarkson,Barry Oliver
279,200 Cigarettes,Drama,101,R,1999,5.9,28,Risa Bramon Garcia,Ben Affleck,Martha Plimpton,Paul Rudd,Janeane Garofalo,Courtney Love
280,The Wild Geese,Drama,134,R,1978,6.8,60,Andrew V. McLaglen,Richard Burton,Richard Harris,Roger Moore,Hardy Kruger,Stewart Granger
281,The Slumber Party Massacre,Horror,77,R,1982,5.7,36,Amy Holden Jones,Michele Michaels,Robin Stille,Michael Villela,Andre Honore,Joe Dante
282,Oliver & Company,Animation,74,G,1988,6.7,43,George Scribner,Joey Lawrence,Billy Joel,Cheech Marin,Bette Midler,Dom DeLuise
283,No Mercy,Drama,106,R,1986,5.6,21,Richard Pearce,Richard Gere,Kim Basinger,Jeroen Krabbe,George Dzundza,Gary Basaraba
284,Imagining Argentina,Art House & International,107,R,2004,6.3,33,Christopher Hampton,Irene Escolar,Fernando Tielve,Hector Bordoni,Antonio Banderas,Emma Thompson
285,Good Boy!,Comedy,87,PG,2003,5.1,44,John Robert Hoffman,Liam Aiken,Molly Shannon,Kevin Nealon,Brittany Moldowan,George Touliatos
286,Speed,Mystery & Suspense,116,R,1994,7.2,93,Jan de Bont,Keanu Reeves,Dennis Hopper,Sandra Bullock,Joe Morton,Jeff Daniels
287,Me and You and Everyone We Know,Drama,91,R,2005,7.4,81,Miranda July,John Hawkes,Miranda July,Miles Thompson,Brandon Ratcliff,Carlie Westerman
288,Henry: Portrait of a Serial Killer,Drama,83,NC-17,1986,7,86,John McNaughton,Michael Rooker,Tom Towles,Tracy Arnold,Tracey Arnold,Mary Demas
289,Someone to Watch over Me,Drama,106,R,1987,6.1,76,Ridley Scott,Tom Berenger,Mimi Rogers,Lorraine Bracco,Jerry Orbach,John Rubinstein
290,Grease,Other,110,PG,1978,7.2,78,Randal Kleiser,John Travolta,Olivia Newton-John,Stockard Channing,Jeff Conaway,Didi Conn
291,28 Days Later,Science Fiction & Fantasy,113,R,2003,7.6,87,Danny Boyle,Cillian Murphy,Naomie Harris,Brendan Gleeson,Megan Burns,Christopher Eccleston
292,Normal,Drama,110,Unrated,2003,7.3,100,Jane Anderson,Tom Wilkinson,Jessica Lange,Randall Arney,Hayden Panettiere,Joe Sikora
293,Winter's Bone,Drama,100,R,2010,7.2,94,Debra Granik,Jennifer Lawrence,John Hawkes,Kevin Breznahan,Dale Dickey,Garret Dillahunt
294,Your Sister's Sister,Drama,90,R,2012,6.7,83,Lynn Shelton,Emily Blunt,Rosemarie DeWitt,Mark Duplass,Mike Birbiglia,Mike Harring
295,Sleepover,Comedy,89,PG,2004,5.3,15,Joe Nussbaum,Alexa Vega,Mika Boorem,Jane Lynch,Sam Huntington,Kalli Flynn Childress
296,The Kingdom,Drama,110,R,2007,7.1,51,Peter Berg,Jamie Foxx,Chris Cooper,Jennifer Garner,Jason Bateman,Ashraf Barhom
297,House on Haunted Hill,Mystery & Suspense,93,R,1999,5.6,28,William Malone,Geoffrey Rush,Famke Janssen,Taye Diggs,Peter Gallagher,Ali Larter
298,Patch Adams,Drama,115,PG-13,1998,6.7,22,Tom Shadyac,Robin Williams,Daniel London,Monica Potter,Philip Seymour Hoffman,Bob Gunton
299,Harry Potter and the Chamber of Secrets,Science Fiction & Fantasy,161,PG,2002,7.4,82,Chris Columbus,Daniel Radcliffe,Emma Watson,Rupert Grint,Jason Isaacs,Alan Rickman
300,The Heavenly Kid,Drama,90,PG-13,1985,6.2,25,Cary Medoway,Lewis Smith,Richard Mulligan,Jason Gedrick,Jane Kaczmarek,Mark Metcalf
301,Snow Flower And The Secret Fan,Art House & International,104,PG-13,2011,6,21,Wayne Wang,Gianna Jun,Bingbing Li,Bing Bing Li,Vivian Wu,Jiang Wu
302,Apollo 18,Science Fiction & Fantasy,86,PG-13,2011,5.2,24,Gonzalo Lopez-Gallego,Warren Christie,Lloyd Owen,Ryan Robbins,Michael Kopsa,Andrew Airlie
303,Total Eclipse,Art House & International,111,R,1995,6.5,25,Agnieszka Holland,Leonardo DiCaprio,David Thewlis,Romane Bohringer,James Thieree,Emmanuelle Oppo
304,Hoodlum,Drama,130,R,1997,6.2,45,Bill Duke,Laurence Fishburne,Tim Roth,Vanessa L. Williams,Andy Garcia,Cicely Tyson
305,National Security,Drama,88,PG-13,2003,5.6,11,Dennis Dugan,Martin Lawrence,Steve Zahn,Colm Feore,Bill Duke,Eric Roberts
306,Down in the Valley,Other,108,R,2006,6.5,52,David Jacobson,Edward Norton,Evan Rachel Wood,David Morse,Bruce Dern,Rory Culkin
307,Young Adult,Drama,94,R,2011,6.3,80,Jason Reitman,Charlize Theron,Patton Oswalt,Patrick Wilson,Elizabeth Reaser,Collette Wolfe
308,The Man Who Sued God,Drama,97,R,2001,6.5,71,Mark Joffe,Billy Connolly,Judy Davis,Colin Friels,Bille Brown,Wendy Hughes
309,Compliance,Drama,90,R,2012,6.4,89,Craig Zobel,Ann Dowd,Dreama Walker,Pat Healy,Bill Camp,Philip Ettinger
310,I Spit On Your Grave,Horror,108,R,2010,6.3,34,Steven R. Monroe,Sarah Butler,Jeff Branson,Andrew Howard,Daniel Franzese,Rodney Eastman
311,Maniac,Drama,87,R,1980,6.5,43,William Lustig,Joe Spinell,Caroline Munro,Gail Lawrence,Kelly Piper,Rita Montone
312,Dog Park,Comedy,91,R,1998,5.1,36,Bruce McCulloch,Natasha Henstridge,Janeane Garofalo,Luke Wilson,Kathleen Robertson,Bruce McCulloch
313,The Brothers Solomon,Comedy,93,R,2007,5.3,15,Bob Odenkirk,Will Arnett,Will Forte,Chi McBride,Kristen Wiig,Malin Akerman
314,Maurice,Drama,140,R,1987,7.8,91,James Ivory,James Wilby,Hugh Grant,Rupert Graves,Denholm Elliott,Simon Callow
315,The Last Boy Scout,Drama,105,R,1991,6.9,42,Tony Scott,Bruce Willis,Damon Wayans,Chelsea Field,Noble Willingham,Taylor Negron
316,Alligator,Science Fiction & Fantasy,91,R,1980,5.9,67,Lewis Teague,Robert Forster,Robin Riker,Michael Vincente Gazzo,Perry Lang,Jack Carter
317,Jennifer 8,Mystery & Suspense,124,R,1992,6.2,39,Bruce Robinson,Andy Garcia,Uma Thurman,Lance Henriksen,Kathy Baker,Graham Beckel
318,RoboCop,Drama,102,R,1987,7.5,88,Paul Verhoeven,Peter Weller,Nancy Allen,Ronny Cox,Kurtwood Smith,Miguel Ferrer
319,The Football Factory,Documentary,91,R,2004,6.9,20,Nick Love,Danny Dyer,Frank Harper,Dudley Sutton,Tamer Hassan,Roland Monookian
320,Bamboozled,Drama,135,R,2000,6.4,48,Spike Lee,Damon Wayans,Savion Glover,Tommy Davidson,Michael Rapaport,Thomas Jefferson Byrd
321,The Sure Thing,Comedy,100,PG-13,1985,7,87,Rob Reiner,John Cusack,Daphne Zuniga,Anthony Edwards,Boyd Gaines,Lisa Jane Persky
322,The Slaughter Rule,Drama,112,R,2002,6.1,73,Alex Smith,Ryan Gosling,David Morse,Clea DuVall,Eddie Spears,Kelly Lynch
323,Rise of the Footsoldier,Action & Adventure,119,R,2007,6.9,14,Julian Gilbey,Ricci Harnett,Craig Fairbrass,Terry Stone,Roland Manookian,Coralie Rose
324,Hollywood Homicide,Action & Adventure,116,PG-13,2003,5.3,30,Ron Shelton,Harrison Ford,Josh Hartnett,Lena Olin,Bruce Greenwood,Isaiah Washington
325,Morning Glory,Comedy,107,PG-13,2010,6.5,56,Roger Michell,Rachel McAdams,Harrison Ford,Diane Keaton,Patrick Wilson,Jeff Goldblum
326,11'09''01 - September 11,Drama,134,Unrated,2002,7,78,Samira Makhmalbaf,Sean Penn,Maryam Karimi,Mohamad Dolati,Agelem Habibi,Esmat Vahedi
327,Clownhouse,Horror,81,R,1989,5.8,40,Victor Salva,Nathan Forrest Winters,Nathan Forest Winters,Brian McHugh,Sam Rockwell,Tree
328,Rampart,Drama,108,R,2012,5.8,74,Oren Moverman,Woody Harrelson,Sigourney Weaver,Robin Wright,Ned Beatty,Ben Foster
329,Cashback,Drama,102,R,2007,7.2,46,Sean Ellis,Sean Biggerstaff,Emilia Fox,Shaun Evans,Michelle Ryan,Stuart Goodwin
330,The Host,Drama,120,R,2007,7,92,Bong Joon-ho,Song Kang-ho,Park Hae-il,Byeon Hie-bong,Du-na Bae,Ko Ah-sung
331,Aspen Extreme,Drama,113,PG-13,1993,5.8,22,Patrick Hasburgh,Paul Gross,Peter Berg,Finola Hughes,Teri Polo,William Russ
332,Nomads,Drama,91,R,1986,5.5,13,John McTiernan,Pierce Brosnan,Lesley-Anne Down,Anna Maria Monticelli,Adam Ant,Hector Mercado
333,Deconstructing Harry,Comedy,96,R,1997,7.4,71,Woody Allen,Kirstie Alley,Caroline Aaron,Bob Balaban,Richard Benjamin,Eric Bogosian
334,The End of America,Documentary,NA,Unrated,2008,7.5,80,Anne Sundberg,Naomi Wolf,NA,NA,NA,NA
335,Hot Shots! Part Deux,Action & Adventure,86,PG-13,1993,6.6,59,Jim Abrahams,Charlie Sheen,Lloyd Bridges,Valeria Golino,Richard Crenna,Brenda Bakke
336,Control,Musical & Performing Arts,122,R,2007,7.8,87,Hanne Myren,Sam Riley,Samantha Morton,Alexandra Maria Lara,Nigel Harris,Joe Anderson
337,Lassie,Action & Adventure,94,PG,1994,5.8,87,Daniel Petrie,Tom Guiry,Thomas Guiry,Helen Slater,Jon Tenney,Frederic Forrest
338,What Richard Did,Drama,88,Unrated,2013,6.3,93,Lenny Abrahamson,Jack Reynor,Roisin Murphy,Sam Keeley,Lars Mikkelsen,Fionn Walton
339,Emperor,Mystery & Suspense,105,PG-13,2013,6.5,31,Peter Webber,Matthew Fox,Tommy Lee Jones,Eriko Hatsune,Toshiyuki Nishida,Masayoshi Haneda
340,Hereafter,Mystery & Suspense,129,PG-13,2010,6.5,46,Clint Eastwood,Matt Damon,Bryce Dallas Howard,Jay Mohr,Richard Kind,Frankie McLaren
341,Aladdin,Action & Adventure,90,G,1992,8,94,John Musker,Robin Williams,Linda Larkin,Lea Salonga,Scott Weinger,John Freeman
342,The King of Comedy,Drama,109,PG,1983,7.8,89,Martin Scorsese,Robert De Niro,Jerry Lewis,Sandra Bernhard,Ed Herlihy,Louis Polliman Brown
343,Bound,Mystery & Suspense,108,R,1996,7.4,92,Larry Wachowski,Jennifer Tilly,Gina Gershon,Joe Pantoliano,John P. Ryan,Christopher Meloni
344,The Pact,Horror,89,R,2012,5.8,65,Nicholas McCarthy,Caity Lotz,Jewel Staite,Casper Van Dien,Samuel Ball,Haley Hudson
345,Electric Dreams,Drama,95,PG,1984,6.5,47,Steve Barron,Lenny Von Dohlen,Virginia Madsen,Maxwell Caulfield,Bud Cort,Don Fellows
346,Bull Durham,Drama,108,R,1988,7.1,97,Ron Shelton,Kevin Costner,Susan Sarandon,Tim Robbins,Trey Wilson,Robert Wuhl
347,Man on Wire,Documentary,94,PG-13,2008,7.9,100,James Marsh,Philippe Petit,Alan Welner,Annie Allix,Jim Moore,Jean Francois Heckel
348,Epic Movie,Action & Adventure,86,R,2007,2.3,2,Aaron Seltzer,Kal Penn,Adam Campbell,Jayma Mays,Faune A. Chambers,Crispin Glover
349,Below,Mystery & Suspense,105,R,2002,6.2,63,David Twohy,Matthew Davis,Bruce Greenwood,Olivia Williams,Scott Foley,Holt McCallany
350,The Captive,Mystery & Suspense,112,R,2014,5.9,31,Atom Egoyan,Ryan Reynolds,Mireille Enos,Scott Speedman,Rosario Dawson,Kevin Durand
351,The Saddest Music in the World,Drama,100,R,2004,7.2,78,Guy Maddin,Isabella Rossellini,Mark McKinney,Maria de Medeiros,Ross McMillan,David Fox
352,"The Godfather, Part II",Mystery & Suspense,202,R,1974,9,97,Francis Ford Coppola,Al Pacino,Robert De Niro,Robert Duvall,Diane Keaton,Talia Shire
353,Phantom of the Paradise,Horror,92,PG,1974,7.4,95,Brian DePalma,William Finley,Paul Williams,Jessica Harper,George Memmoli,Gerrit Graham
354,Twenty Bucks,Drama,91,R,1993,6.4,75,Keva Rosenfeld,Linda Hunt,Brendan Fraser,Gladys Knight,Elisabeth Shue,David Rasche
355,Alaska,Action & Adventure,109,PG,1996,5.7,18,Fraser Clarke Heston,Thora Birch,Vincent Kartheiser,Dirk Benedict,Charlton Heston,Gordon Tootoosis
356,Running on Empty,Musical & Performing Arts,116,PG-13,1988,7.7,85,Sidney Lumet,River Phoenix,Christine Lahti,Judd Hirsch,Martha Plimpton,Ed Crowley
357,Godzilla Vs Mechagodzilla,Art House & International,84,PG,1974,6.3,67,Jun Fukuda,Masaaki Daimon,Kazuya Aoyama,Reiko Tajima,Carol Lynley,Barbara Lynn
358,49 Up,Documentary,180,Unrated,2006,8.2,95,Michael Apted,Bruce Balden,Jacqueline Bassett,Symon Basterfield,Andrew Brackfield,John Brisby
359,This is 40,Comedy,134,R,2012,6.2,51,Judd Apatow,Leslie Mann,Paul Rudd,John Lithgow,Megan Fox,Albert Brooks
360,Fair Game,Drama,108,PG-13,2010,6.8,79,Doug Liman,Naomi Watts,Sean Penn,Bruce McGill,Michael Kelly,Ty Burrell
361,Hercules,Action & Adventure,98,PG-13,2014,6,60,Brett Ratner,"Dwayne ""The Rock"" Johnson",Ian McShane,Rufus Sewell,Ingrid Bolso Berdal,John Hurt
362,Max Manus: Man of War,Drama,118,Unrated,2010,7.3,80,Joachim Roenning,Askel Hennie,Aksel Hennie,Agnes Kittelsen,Nicolai Cleve Broch,Ken Duken
363,Curdled,Drama,88,R,1996,5.9,17,Reb Braddock,Angela Jones,William Baldwin,Bruce Ramsay,Mel Gorham,Lois Chiles
364,The Omen,Mystery & Suspense,110,R,2006,5.5,27,John Moore,Julia Stiles,Liev Schreiber,Mia Farrow,David Thewlis,Pete Postlethwaite
365,A Night at the Roxbury,Comedy,82,PG-13,1998,6.2,11,Amy Heckerling,Chris Kattan,Will Ferrell,Loni Anderson,Dan Hedaya,Dwayne Hickman
366,Tank Girl,Action & Adventure,104,R,1995,5.2,38,Rachel Talalay,Lori Petty,Malcolm McDowell,Ice-T,Naomi Watts,Don Harvey
367,Missing,Mystery & Suspense,122,PG,1982,7.8,96,Costa-Gavras,Jack Lemmon,Sissy Spacek,John Shea,Melanie Mayron,Charles Cioffi
368,Point Break,Mystery & Suspense,122,R,1991,7.2,68,Kathryn Bigelow,Keanu Reeves,Patrick Swayze,Gary Busey,Lori Petty,John C. McGinley
369,Shall We Dance,Drama,106,PG-13,2004,6.1,46,Peter Chelsom,Richard Gere,Jennifer Lopez,Susan Sarandon,Stanley Tucci,Bobby Cannavale
370,Malibu's Most Wanted,Comedy,86,PG-13,2003,5.1,31,John Whitesell,Taye Diggs,Anthony Anderson,Regina Hall,Ryan O'Neal,Bo Derek
371,The Evening Star,Drama,129,PG-13,1996,5.8,23,Robert Harling,Shirley MacLaine,Bill Paxton,Juliette Lewis,Miranda Richardson,Ben Johnson
372,Cloud Atlas,Drama,172,R,2012,7.5,66,Tom Tykwer,Tom Hanks,Halle Berry,Jim Broadbent,Hugo Weaving,Jim Sturgess
373,Fire Down Below,Action & Adventure,105,R,1997,4.9,11,Harry Dean Stanton,Steven Seagal,Marg Helgenberger,Harry Dean Stanton,Stephen Lang,Kris Kristofferson
374,The Five Heartbeats,Musical & Performing Arts,121,R,1991,7.5,38,Robert Townsend,Michael Wright,Tico Wells,Leon,Harry Lennix,Diahann Carroll
375,Porky's Revenge,Art House & International,92,R,1985,4.6,27,James Komack,Dan Monahan,Wyatt Knight,Mark Herrier,Tony Ganios,Kaki Hunter
376,Disaster Movie,Comedy,87,PG-13,2008,1.9,1,Aaron Seltzer,Matt Lanter,Kim Kardashian,Vanessa Lachey,Carmen Electra,G-Thang
377,Teen Wolf Too,Science Fiction & Fantasy,95,PG,1987,3.1,7,Christopher Leitch,Jason Bateman,Kim Darby,John Astin,Estee Chandler,Paul Sand
378,The Fighter,Other,116,R,2010,7.9,90,David O. Russell,Christian Bale,Mark Wahlberg,Amy Adams,Melissa Leo,Jack McGee
379,A Little Romance,Drama,110,PG,1979,7.5,72,George Roy Hill,Laurence Olivier,Diane Lane,Thelonious Bernard,Thelonius Bernard,Arthur Hill
380,First Knight,Drama,134,PG-13,1995,5.9,47,Jerry Zucker,Sean Connery,Richard Gere,Julia Ormond,Ben Cross,Liam Cunningham
381,Tabloid,Documentary,87,R,2011,7.1,91,Errol Morris,Joyce McKinney,Jackson Shaw,Peter Tory,Troy Williams,Kent Gavin
382,The Hurt Locker,Drama,131,R,2009,7.6,98,Kathryn Bigelow,Jeremy Renner,Anthony Mackie,Brian Geraghty,Guy Pearce,Ralph Fiennes
383,Benda Bilili!,Documentary,85,PG-13,2011,7.5,93,Florent de la Tullaye,Makemo Nzale,"Theo ""Coude"" Nsituvuidi",Zadis Mbulu Nzungu,Djunana Tanga-Suele,Coco Ngambali Yakala
384,Memento,Mystery & Suspense,113,R,2000,8.5,92,Christopher Nolan,Guy Pearce,Joe Pantoliano,Carrie-Anne Moss,Stephen Tobolowsky,Mark Boone Jr.
385,A Prayer for the Dying,Drama,107,R,1987,6.4,63,Mike Hodges,Mickey Rourke,Bob Hoskins,Alan Bates,Sammi Davis,Christopher Fulford
386,Jonestown: The Life and Death of Peoples Temple,Documentary,86,Unrated,2006,7.9,94,Stanley Nelson,NA,NA,NA,NA,NA
387,So I Married an Axe Murderer,Comedy,93,PG-13,1993,6.4,55,Thomas Schlamme,Mike Myers,Nancy Travis,Anthony LaPaglia,Amanda Plummer,Brenda Fricker
388,Ziggy Stardust and the Spiders from Mars,Documentary,90,PG,1973,7.5,71,D.A. Pennebaker,David Bowie,Mick Ronson,Trevor Bolder,Mick Woodmansy,Angela Bowie
389,Conversations With Other Women,Drama,84,R,2006,7.1,74,Hans Canosa,Aaron Eckhart,Brian Geraghty,Brianna Brown,Olivia Wilde,Thomas Lennon
390,Sleepwalking,Drama,101,R,2008,6.2,17,Bill Maher,Charlize Theron,Nick Stahl,Annasophia Robb,Dennis Hopper,Woody Harrelson
391,"Next Stop, Greenwich Village",Drama,111,R,1976,6.9,73,Paul Mazursky,Lenny Baker,Shelley Winters,Christopher Walken,Ellen Greene,Lois Smith
392,Dream House,Mystery & Suspense,92,PG-13,2011,5.9,6,Jim Sheridan,Daniel Craig,Rachel Weisz,Naomi Watts,Elias Koteas,Marton Csokas
393,Resurrecting the Champ,Drama,112,PG-13,2007,6.8,60,Rod Lurie,Samuel L. Jackson,Josh Hartnett,Kathryn Morris,Alan Alda,Rachel Nichols
394,The Help,Drama,146,PG-13,2011,8.1,76,Tate Taylor,Emma Stone,Viola Davis,Bryce Dallas Howard,Octavia Spencer,Jessica Chastain
395,A Scanner Darkly,Drama,100,R,2006,7.1,69,Richard Linklater,Keanu Reeves,Robert Downey Jr.,Woody Harrelson,Winona Ryder,Rory Cochrane
396,Hard Candy,Drama,104,R,2006,7.1,68,David Slade,Ellen Page,Patrick Wilson,Sandra Oh,Jennifer Holmes,G.J. Echternkamp
397,This Is the End,Drama,107,R,2013,6.7,83,Seth Rogen,James Franco,Jonah Hill,Danny McBride,Craig Robinson,Michael Cera
398,Longtime Companion,Drama,96,R,1990,7.6,100,Norman Rene,Bruce Davison,Mark Lamos,Campbell Scott,Stephen Caffrey,Patrick Cassidy
399,The Last Lions,Documentary,88,PG,2011,8.4,87,Dereck Joubert,Jeremy Irons,NA,NA,NA,NA
400,"Aguirre, der Zorn Gottes (Aguirre, the Wrath of God)",Drama,93,R,1972,8,98,Werner Herzog,Klaus Kinski,Ruy Guerra,Ruy Guerra,Del Negro,Del Negro
401,The Main Event,Other,112,PG,1979,5.8,38,Howard Zieff,Ryan O'Neal,Paul Sand,Whitman Mayo,Patti D'Arbanville,Chu Chu Malave
402,Inserts,Drama,117,NC-17,1975,6.4,80,John Byrum,Richard Dreyfuss,Jessica Harper,Stephen Davies,Veronica Cartwright,Bob Hoskins
403,Star Trek: Insurrection,Action & Adventure,103,PG,1998,6.4,55,Jonathan Frakes,Brent Spiner,Michael Dorn,LeVar Burton,F Murray Abraham,Donna Murphy
404,Valmont,Drama,137,R,1989,7,54,Milos Forman,Colin Firth,Annette Bening,Meg Tilly,Fairuza Balk,Sian Phillips
405,Kill Bill: Volume 2,Drama,137,R,2004,8,84,Quentin Tarantino,Uma Thurman,David Carradine,Michael Madsen,Daryl Hannah,Gordon Liu
406,8 Heads in a Duffel Bag,Comedy,95,R,1997,5.2,11,Tom Schulman,Joe Pesci,Andy Comeau,Kristy Swanson,David Spade,George Hamilton
407,Meteor,Drama,108,PG,1979,4.9,5,Ronald Neame,Sean Connery,Natalie Wood,Karl Malden,Brian Keith,Martin Landau
408,Dance Flick,Action & Adventure,83,PG-13,2009,3.5,18,Damien Wayans,Essence Atkins,Shawn Wayans,Shoshanna Bush,Marlon Wayans,Damon Wayans Jr.
409,Stolen Summer,Drama,91,PG,2002,6.5,36,Pete Jones,Aidan Quinn,Bonnie Hunt,Adiel Stein,Kevin Pollak,Adi Stein
410,1941,Action & Adventure,118,PG,1979,5.9,32,Steven Spielberg,Dan Aykroyd,Ned Beatty,John Belushi,Lorraine Gary,Murray Hamilton
411,Underworld: The Rise of the Lycans,Action & Adventure,92,R,2009,6.6,29,Patrick Tatopoulos,Bill Nighy,Michael Sheen,Rhona Mitra,Steven Mackintosh,Kevin Grevioux
412,After Innocence,Documentary,95,Unrated,2005,7.8,91,Jessica Sanders,Herman Atkins,Wilton Dedge,Scott Hornoff,Dennis Maher,Vincent Moto
413,Tim and Eric's Billion Dollar Movie,Comedy,93,R,2012,5.3,38,Tim Heidecker,Tim Heidecker,Eric Wareheim,William Atherton,Jeff Goldblum,Robert Loggia
414,Mr. Jones,Drama,114,R,1993,5.7,46,Mike Figgis,Richard Gere,Lena Olin,Anne Bancroft,Delroy Lindo,Tom Irwin
415,Goin' South,Other,105,PG,1978,6.3,71,Jack Nicholson,Jack Nicholson,Mary Steenburgen,Christopher Lloyd,John Belushi,Veronica Cartwright
416,Russian Dolls (Les Poupees Russes),Other,125,Unrated,2006,7,72,Cedric Klapisch,Romain Duris,Audrey Tautou,Kelly Reilly,Cecile De France,Kevin Bishop
417,My Flesh and Blood,Documentary,83,Unrated,2003,8.4,90,Jonathan Karsh,Susan Tom,Joe Tom,Chloe Tom,Anthony Tom,Xenia Tom
418,Revenge of the Nerds II: Nerds in Paradise,Comedy,88,PG-13,1987,4.9,8,Joe Roth,Robert Carradine,Courtney Thorne-Smith,Curtis Armstrong,Larry B. Scott,Timothy Busfield
419,Hulk,Action & Adventure,138,PG-13,2003,5.7,61,Ang Lee,Eric Bana,Jennifer Connelly,Sam Elliott,Nick Nolte,Josh Lucas
420,Vampire in Brooklyn,Horror,100,R,1995,4.5,10,Wes Craven,Eddie Murphy,Angela Bassett,Allen Payne,Kadeem Hardison,John Witherspoon
421,George Washington,Art House & International,89,Unrated,2000,7.5,84,David Green,Donald Holden,Candace Evanofski,Curtis Cotton III,Eddie Rouse,Paul Schneider
422,Agent Cody Banks 2: Destination London,Action & Adventure,100,PG,2004,4.5,13,Kevin Allen,Frankie Muniz,Anthony Anderson,Hannah Spearritt,Cynthia Stevenson,Daniel Roebuck
423,Into The Arms Of Strangers - Stories Of The Kindertransport,Documentary,122,PG,2000,7.9,94,Mark Jonathan Harris,Lorraine Allard,Lory Cahn,Hedy Epstein,Kurt Fuchel,Gordon Alexander
424,The Take,Drama,96,R,2007,5.8,85,Brad Furman,John Leguizamo,Tyrese Gibson,Rosie Perez,Bobby Cannavale,Yul Vazquez
425,A Star is Born,Drama,139,R,1976,6.5,31,Frank R. Pierson,Barbra Streisand,Kris Kristofferson,Gary Busey,Oliver Clark,Vanetta Fields
426,The Belly of an Architect,Drama,119,R,1987,7,91,Peter Greenaway,Brian Dennehy,Chloe Webb,Lambert Wilson,Sergio Fantoni,Vanni Corbellini
427,Veronica Mars,Drama,107,PG-13,2014,6.8,78,Rob Thomas (III),Kristen Bell,Ryan Hansen,Jason Dohring,Chris Lowell,Tina Majorino
428,Kaena: The Prophecy,Action & Adventure,85,PG-13,2004,6.2,7,Chris Delaporte,Kirsten Dunst,Richard Harris,Anjelica Huston,Keith David,Michael McShane
429,Ghost Ship,Horror,91,R,2002,5.5,14,Steve Beck,Gabriel Byrne,Julianna Margulies,Ron Eldard,Desmond Harrington,Isaiah Washington
430,21 Grams,Drama,124,R,2003,7.7,80,Alejandro Gonzalez Inarritu,Sean Penn,Naomi Watts,Benicio Del Toro,Charlotte Gainsbourg,Melissa Leo
431,Date Night,Comedy,88,PG-13,2010,6.3,67,Shawn Levy,Steve Carell,Tina Fey,Mark Wahlberg,Taraji P. Henson,Jimmi Simpson
432,Anchorman 2: The Legend Continues,Comedy,119,PG-13,2013,6.3,75,Adam McKay,Will Ferrell,Paul Rudd,Steve Carell,David Koechner,Christina Applegate
433,Thunderheart,Drama,119,R,1992,6.8,87,Michael Apted,Val Kilmer,Sam Shepard,Graham Greene (II),Fred Ward,Fred Dalton Thompson
434,Guess Who,Comedy,105,PG-13,2005,5.9,43,Ashton Kutcher,Bernie Mac,Ashton Kutcher,Zoe Saldana,Judith Scott,Hal Williams
435,Brubaker,Drama,131,R,1980,7.1,75,Stuart Rosenberg,Robert Redford,Yaphet Kotto,Jane Alexander,Murray Hamilton,David Keith
436,Jagged Edge,Mystery & Suspense,108,R,1985,6.4,82,Richard Marquand,Glenn Close,Jeff Bridges,Peter Coyote,Robert Loggia,John Dehner
437,The Last Remake of Beau Geste,Action & Adventure,85,PG,1977,6,33,Marty Feldman,Marty Feldman,Ann-Margret,Michael York,Peter Ustinov,James Earl Jones
438,Melancholia,Drama,130,R,2011,7.1,79,Lars von Trier,Kirsten Dunst,Charlotte Gainsbourg,Kiefer Sutherland,John Hurt,Alexander Skarsgard
439,Boomerang,Comedy,117,R,1992,5.4,40,Reginald Hudlin,Eddie Murphy,Robin Givens,Halle Berry,David Alan Grier,Martin Lawrence
440,The Ritz,Art House & International,91,R,1976,7.8,40,Richard Lester,Jack Weston,Rita Moreno,Jerry Stiller,Kaye Ballard,F Murray Abraham
441,The Man with the Golden Gun,Drama,125,PG,1974,6.8,45,Guy Hamilton,Roger Moore,Christopher Lee,Britt Ekland,Maud Adams,Herve Villechaize
442,Hellraiser - Bloodline,Science Fiction & Fantasy,85,R,1996,5,25,Joe Chappelle,Doug Bradley,Bruce Ramsay,Valentina Vargas,Kim Myers,Christine Harnos
443,The Butcher's Wife,Other,107,PG-13,1991,5.3,21,Terry Hughes,Demi Moore,Jeff Daniels,George Dzundza,Mary Steenburgen,Frances McDormand
444,Diner,Drama,110,R,1982,7.2,91,Barry Levinson,Steve Guttenberg,Daniel Stern,Mickey Rourke,Kevin Bacon,Tim Daly
445,Cecil B. Demented,Comedy,87,R,2000,6.2,53,John Waters,Stephen Dorff,Melanie Griffith,Adrian Grenier,Alicia Witt,Lawrence Gilliard Jr.
446,Ragtime,Drama,155,PG,1981,7.3,90,Milos Forman,James Cagney,Elizabeth McGovern,Brad Dourif,Moses Gunn,Kenneth McMillan
447,One Day,Drama,107,PG-13,2011,7,36,Lone Scherfig,Anne Hathaway,Jim Sturgess,Tom Mison,Jodie Whittaker,Rafe Spall
448,Rambling Rose,Drama,112,R,1991,6.7,100,Martha Coolidge,Laura Dern,Robert Duvall,Diane Ladd,Lukas Haas,John Heard
449,Cameraman: The Life And Work Of Jack Cardiff,Documentary,86,Unrated,2011,7.8,96,Craig McCall,Martin Scorsese,Kirk Douglas,Lauren Bacall,Charlton Heston,Kim Hunter
450,I Am Bruce Lee,Documentary,94,Unrated,2012,7.5,67,Pete McCormack,Dana White,Ed O'Neill,Kobe Bryant,Linda Lee Cadwell,Manny Pacquiao
451,Let It Be,Documentary,81,G,1970,7.9,82,Michael Lindsay-Hogg,Beatles The,Paul McCartney,Ringo Starr,George Harrison,John Lennon
452,The Groove Tube,Other,75,R,1974,5.9,13,Ken Shapiro,Mary Mendham,Richard Belzer,Bill Paxton,Chevy Chase,Buzzy Linhart
453,Brighton Rock,Mystery & Suspense,111,R,2011,5.8,51,Rowan Joffe,Sam Riley,Andrea Riseborough,Helen Mirren,John Hurt,Andy Serkis
454,The Disappearance of Alice Creed,Mystery & Suspense,96,R,2010,6.8,82,J Blakeson,Gemma Arterton,Martin Compston,Eddie Marsan,NA,NA
455,Sgt. Bilko,Comedy,93,PG,1996,5.7,32,Jonathan Lynn,Steve Martin,Dan Aykroyd,Phil Hartman,Glenne Headly,Daryl 'Chill' Mitchell
456,One Night at McCool's,Comedy,93,R,2001,6.1,33,Harald Zwart,Liv Tyler,Matt Dillon,Paul Reiser,John Goodman,Michael Douglas
457,V.I. Warshawski,Drama,89,R,1991,4.8,17,Jeff Kanew,Kathleen Turner,Jay O Sanders,Charles Durning,Angela Goethals,Nancy Paul
458,Glory,Drama,122,R,1989,7.9,93,Edward Zwick,Matthew Broderick,Denzel Washington,Cary Elwes,Morgan Freeman,Andre Braugher
459,Carnosaur,Horror,83,R,1993,3.4,11,Adam Simon,Diane Ladd,Raphael Sbarge,Jennifer Runyon,David Rupel,Raphael Searge
460,The Ninth Gate,Mystery & Suspense,133,R,1999,6.7,41,NA,Johnny Depp,Frank Langella,Lena Olin,Emmanuelle Seigner,Barbara Jefford
461,New York Minute,Action & Adventure,91,PG,2004,4.8,11,Dennie Gordon,Eugene Levy,Andy Richter,Riley Smith,Jared Padalecki,Drew Pinsky
462,Blue Valentine,Drama,112,R,2010,7.4,88,Andrij Parekh,Ryan Gosling,Michelle Williams,Faith Wladyka,John Doman,Mike Vogel
463,The Jazz Singer,Musical & Performing Arts,115,PG,1980,5.7,15,Ralph Thomas,Neil Diamond,Laurence Olivier,Lucie Arnaz,Lucie Arnez,Catlin Adams
464,The Other Sister,Drama,129,PG-13,1999,6.4,29,Garry Marshall,Juliette Lewis,Diane Keaton,Tom Skerritt,Giovanni Ribisi,Poppy Montgomery
465,The Astronaut Farmer,Drama,104,PG,2006,6.3,57,Michael Polish,Virginia Madsen,Bruce Dern,Tim Blake Nelson,Jasper Polish,Logan Polish
466,Modigliani,Art House & International,128,R,2004,7.4,4,Mick Davis,Andy Garcia,Elsa Zylberstein,Omid Djalili,Hippolyte Girardot,Eva Herzigova
467,Inbred,Art House & International,90,R,2011,5.3,13,Alex Chandon,James Burrows,James Doherty,Jo Hartley,Seamus O'Neill,Neil Leiper
468,Pooh's Heffalump Movie,Animation,68,G,2005,6.4,79,Frank Nissen,Nikita Hopkins,Jim Cummings,Ken Sansom,Kath Soucie,Ken Sansom
469,Good Will Hunting,Drama,126,R,1997,8.3,97,Gus Van Sant,Matt Damon,Robin Williams,Ben Affleck,Minnie Driver,Casey Affleck
470,Town & Country,Drama,104,R,2000,4.3,13,Boris Damast,Warren Beatty,Diane Keaton,Goldie Hawn,Garry Shandling,Andie MacDowell
471,Happy Feet,Animation,108,PG,2006,6.5,75,George Miller,Elijah Wood,Robin Williams,Hugh Jackman,Nicole Kidman,Brittany Murphy
472,Deck the Halls,Comedy,93,PG,2006,4.9,6,John Whitesell,Danny DeVito,Matthew Broderick,Kristin Davis,Kristin Chenoweth,Alia Shawkat
473,Simone,Drama,117,PG-13,2002,6.1,51,Andrew Niccol,Al Pacino,Catherine Keener,Rachel Roberts,Evan Rachel Wood,Jay Mohr
474,The Adjuster,Drama,102,R,1992,6.8,73,Atom Egoyan,Elias Koteas,Arsinee Khanjian,Maury Chaykin,Gabrielle Rose,Jennifer Dale
475,Turistas (Paradise Lost),Drama,93,R,2006,5.3,16,John Stockwell,Melissa George,Josh Duhamel,Olivia Wilde,Desmond Askew,Beau Garrett
476,New In Town,Comedy,97,PG,2009,5.6,29,Jonas Elmer,Harry Connick Jr.,Rashida Jones,Siobhan Fallon,J.K. Simmons,Frances Conroy
477,The Prestige,Drama,130,PG-13,2006,8.5,76,Christopher Nolan,Hugh Jackman,Christian Bale,Michael Caine,Piper Perabo,Rebecca Hall
478,Waist Deep,Drama,97,R,2006,5.9,27,Stan Lathan,Tyrese Gibson,Meagan Good,The Game,Paul Terrel Clayton,Darris Love
479,The Science of Sleep,Drama,105,R,2006,7.3,71,Michel Gondry,Gael Garcia Bernal,Miou Miou,Charlotte Gainsbourg,Alain Chabat,Miou-Miou
480,Gracie,Drama,95,PG-13,2007,6.2,60,Davis Guggenheim,Carly Schroeder,Elisabeth Shue,Dermot Mulroney,Andrew Shue,Joshua Caras
481,"See No Evil, Hear No Evil",Action & Adventure,103,R,1989,6.8,18,Arthur Hiller,Richard Pryor,Gene Wilder,Joan Severance,Kevin Spacey,Alan North
482,The Safety of Objects,Mystery & Suspense,121,R,2001,6.6,49,Rose Troche,Glenn Close,Dermot Mulroney,Jessica Campbell,Patricia Clarkson,Joshua Jackson
483,Dumb and Dumberer: When Harry Met Lloyd,Comedy,85,PG-13,2003,3.4,10,Troy Miller,Eric Christian Olsen,Derek Richardson,Rachel Nichols,Cheri Oteri,Luis Guzman
484,The Little Rascals,Comedy,82,PG,1994,6.3,25,Penelope Spheeris,Travis Tedford,Bug Hall,Brittany Ashton Holmes,Kevin Jamal Woods,Zachary Mabry
485,Moonstruck,Drama,102,PG,1987,7.1,92,Norman Jewison,Cher,Nicolas Cage,Olympia Dukakis,Fyodor Chaliapin,Vincent Gardenia
486,World Trade Center,Drama,129,PG-13,2006,6,68,Oliver Stone,Nicolas Cage,Michael Pena,Maggie Gyllenhaal,Maria Bello,Stephen Dorff
487,The Portrait of a Lady,Drama,144,PG-13,1996,6.3,43,Jane Campion,Nicole Kidman,John Malkovich,Barbara Hershey,Mary-Louise Parker,Martin Donovan
488,The Postman,Action & Adventure,177,R,1997,5.9,9,Kevin Costner,Will Patton,Larenz Tate,Olivia Williams,James Russo,Daniel von Bargen
489,Mixed Nuts,Comedy,97,PG-13,1994,5.3,7,Nora Ephron,Steve Martin,Madeline Kahn,Rita Wilson,Anthony LaPaglia,Juliette Lewis
490,While You Were Sleeping,Drama,103,PG,1995,6.6,80,Jon Turteltaub,Sandra Bullock,Bill Pullman,Peter Gallagher,Peter Boyle,Jack Warden
491,No Country for Old Men,Drama,122,R,2007,8.1,93,Joel Coen,Tommy Lee Jones,Javier Bardem,Josh Brolin,Woody Harrelson,Kelly Macdonald
492,Pootie Tang,Comedy,81,PG-13,2001,5.1,29,Louis C.K.,Lance Crouther,Jennifer Coolidge,Wanda Sykes,Robert Vaughn,Chris Rock
493,Sans Soleil,Documentary,100,R,1983,8.2,92,Chris Marker,Florence Delay,Alexandra Stewart,Kazuko Kawakita,Hayao Shibata,Ichiro Hagiwara
494,The Secret Life of Words,Art House & International,115,Unrated,2006,7.5,71,Isabel Coixet,Sarah Polley,Tim Robbins,Javier Camara,Sverre Anker Ousdal,Dean Lennox Kelly
495,Dare,Drama,92,R,2009,5.9,60,Adam Salky,Emmy Rossum,Zach Gilford,Ashley Springer,Ana Gasteyer,Alan Cumming
496,Formula 51,Action & Adventure,93,R,2002,6.3,25,Ronny Yu,Samuel L. Jackson,Robert Carlyle,Emily Mortimer,Rhys Ifans,Sean Pertwee
497,The Fifth Element,Drama,126,PG-13,1997,7.6,71,Luc Besson,Bruce Willis,Ian Holm,Gary Oldman,Chris Tucker,Luke Perry
498,The Frozen Ground,Mystery & Suspense,105,R,2013,6.4,60,Scott Walker,Nicolas Cage,John Cusack,Vanessa Hudgens,Dean Norris,50 Cent
499,Ice Age: Continental Drift,Action & Adventure,88,PG,2012,6.7,37,Michael Thurmeier,Ray Romano,John Leguizamo,Denis Leary,Queen Latifah,Seann William Scott
500,Showtime,Comedy,95,PG-13,2002,5.5,25,Tom Dey,Robert De Niro,Eddie Murphy,Rene Russo,Pedro Damien,Pedro Damian
501,The Greatest Game Ever Played,Drama,120,PG,2005,7.5,63,Bill Paxton,Shia LaBeouf,Stephen Dillane,Elias Koteas,Josh Flitter,Peyton List
502,Grizzly Man,Documentary,103,R,2005,7.8,93,Werner Herzog,Timothy Treadwell,Timothy Treadwell,Amie Huguenard,Warren Queeney,Franc Falico
503,Galaxina,Science Fiction & Fantasy,95,R,1980,3.4,17,William Sachs,Stephen Macht,Dorothy Stratten,Avery Schreiber,James David Hinton,Ronald J. Knight
504,"Oh, God! Book II",Comedy,94,PG,1980,5.1,50,Gilbert Cates,George Burns,Suzanne Pleshette,Tracy Richards,David Birney,Louanne
505,Micki + Maude,Comedy,118,PG-13,1984,5.9,67,Blake Edwards,Dudley Moore,Amy Irving,Ann Reinking,Richard Mulligan,George Gaynes
506,Bootmen,Drama,95,R,2000,6.2,35,Dein Perry,Adam Garcia,Sophie Lee,Sam Worthington,William Zappa,Richard Carter
507,My Dinner with Andre,Drama,110,PG,1981,7.8,91,Louis Malle,Jean Lenauer,Roy Butler,Andre Gregory,Wallace Shawn,NA
508,Mother's Boys,Mystery & Suspense,96,R,1993,5.4,43,Yves Simoneau,Jamie Lee Curtis,Peter Gallagher,Joanne Whalley,Vanessa Redgrave,Luke Edwards
509,Robin Hood,Action & Adventure,83,G,1973,7.6,50,Wolfgang Reitherman,Brian Bedford,Phil Harris,Monica Evans,Peter Ustinov,Terry-Thomas
510,Ghost Rider: Spirit of Vengeance,Action & Adventure,96,PG-13,2012,4.3,17,Brian Taylor,Nicolas Cage,Ciaran Hinds,Violante Placido,Idris Elba,Johnny Whitworth
511,Naked Lunch,Drama,115,R,1991,7.1,71,David Cronenberg,Peter Weller,Judy Davis,Ian Holm,Julian Davis,Roy Scheider
512,Theremin: An Electronic Odyssey,Documentary,83,PG,1994,7.4,100,Steven M. Martin,Leon Theremin,Clara Rockmore,Todd Rundgren,Brian Wilson,Robert Moog
513,The Whole Wide World,Drama,111,PG,1996,7.3,81,Dan Ireland,Vincent D'Onofrio,Renee Zellweger,Ann Wedgeworth,Harve Presnell,Benjamin Mouton
514,Hostel,Horror,94,R,2006,5.9,61,Eli Roth,Jay Hernandez,Derek Richardson,Eythor Gudjonsson,Shane Daly,Barbara Nedeljakova
515,Swordfish,Drama,99,R,2001,6.5,26,Dominic Sena,John Travolta,Hugh Jackman,Halle Berry,Don Cheadle,Vinnie Jones
516,Dark Skies,Mystery & Suspense,97,PG-13,2013,6.3,40,Scott Stewart,Keri Russell,Josh Hamilton,Dakota Goyo,Kadan Rockett,J.K. Simmons
517,The Distinguished Gentleman,Comedy,112,R,1992,5.8,13,Jonathan Lynn,Eddie Murphy,Lane Smith,Sheryl Lee Ralph,Joe Don Baker,Victoria Rowell
518,The Time Traveler's Wife,Drama,107,PG-13,2009,7.1,38,Robert Schwentke,Rachel McAdams,Eric Bana,Arliss Howard,Ron Livingston,Stephen Tobolowsky
519,Breathless,Drama,100,R,1983,5.7,67,Jim McBride,Richard Gere,Valerie Kaprisky,Art Metrano,John P. Ryan,William Tepper
520,Love Actually,Comedy,135,R,2003,7.7,63,Richard Curtis,Bill Nighy,Hugh Grant,Liam Neeson,Emma Thompson,Colin Firth
521,"Oh, God!",Science Fiction & Fantasy,98,PG,1977,6.5,72,Carl Reiner,George Burns,John Denver,Teri Garr,Donald Pleasence,Ralph Bellamy
522,Bookies,Drama,88,R,2004,6,67,Mark Illsley,Nick Stahl,Lukas Haas,Johnny Galecki,Rachael Leigh Cook,David Proval
523,Live and Let Die,Mystery & Suspense,121,PG,1973,6.8,66,Guy Hamilton,Roger Moore,Yaphet Kotto,Jane Seymour,Julius W. Harris,Clifton James
524,What's Cooking?,Drama,109,PG-13,2000,7.1,52,Gurinder Chadha,Kyra Sedgwick,Mercedes Ruehl,Julianna Margulies,Alfre Woodard,Joan Chen
525,The Funeral,Drama,99,R,1996,6.6,79,Abel Ferrara,Christopher Walken,Chris Penn,Vincent Gallo,Benicio Del Toro,Annabella Sciorra
526,Safe House,Mystery & Suspense,115,R,2012,6.8,53,Daniel Espinosa,Ryan Reynolds,Vera Farmiga,Brendan Gleeson,Sam Shepard,Ruben Blades
527,Welcome to Mooseport,Comedy,110,PG-13,2004,5.2,13,Donald Petrie,Ray Romano,Gene Hackman,Marcia Gay Harden,Maura Tierney,Christine Baranski
528,Trainspotting,Drama,94,R,1996,8.2,89,Danny Boyle,Ewan McGregor,Ewen Bremner,Jonny Lee Miller,Kevin Mckidd,Robert Carlyle
529,I Wanna Hold Your Hand,Drama,104,PG,1978,6.9,83,Robert Zemeckis,Nancy Allen,Bobby Di Cicco,Marc McClure,Susan Kendall Newman,Wendie Jo Sperber
530,UHF,Other,97,PG,1989,7,63,Jay Levey,Victoria Jackson,Weird Al Yankovic,Kevin McCarthy,Michael Richards,David Bowe
531,Lola Versus,Comedy,87,R,2012,5.4,35,Daryl Wein,Greta Gerwig,Joel Kinnaman,Zoe Lister Jones,Hamish Linklater,Bill Pullman
532,Countdown to Zero,Documentary,89,PG,2010,6.9,81,Lucy Walker,Valerie Plame Wilson,Valerine Plame Wilson,Rolf Mowatt-Larssen,Lawrence Scott Sheets,Zia Mian
533,The Imposter,Documentary,99,R,2012,7.5,95,Bart Layton,Frederic Bourdin,Carey Gibson,Beverly Dollarhide,Nancy Fisher,Bruce Perry
534,The Perfect Score,Drama,93,PG-13,2004,5.7,17,Brian Robbins,Erika Christensen,Scarlett Johansson,Chris Evans,Bryan Greenberg,Darius Miles
535,A Perfect Getaway,Mystery & Suspense,98,R,2009,6.5,61,David Twohy,Steve Zahn,Timothy Olyphant,Milla Jovovich,Kiele Sanchez,Marley Shelton
536,Death Line (Raw Meat),Horror,87,R,1972,6,86,Gary Sherman,Hugh Armstrong,James Cossins,Sharon Gurney,David Ladd,Christopher Lee
537,Things to Do in Denver...When You're Dead,Drama,115,R,1995,6.8,33,Gary Fleder,Andy Garcia,Christopher Lloyd,William Forsythe,Bill Nunn,Treat Williams
538,Mad Max 2: The Road Warrior,Action & Adventure,95,R,1981,7.6,98,George Miller,Mel Gibson,Bruce Spence,Vernon Wells,Emil Minty,Mike Preston
539,My Girl 2,Drama,99,PG,1996,5.1,27,Howard Zieff,Anna Chlumsky,Dan Aykroyd,Jamie Lee Curtis,Richard Masur,Austin O'Brien
540,Candy,Drama,116,R,2006,7.3,49,Neil Armfield,Heath Ledger,Abbie Cornish,Geoffrey Rush,Tony Martin,Noni Hazelhurst
541,The Secret Garden,Drama,101,G,1993,7.3,85,Agnieszka Holland,Kate Maberly,Maggie Smith,Heydon Prowse,Andrew Knott,Laura Crossley
542,Get on the Bus,Drama,120,R,1996,6.8,88,Spike Lee,Ossie Davis,Charles S. Dutton,Andre Braugher,Richard Belzer,De'aundre Bonds
543,Ghosts of Abu Ghraib,Documentary,78,Unrated,2007,8,100,Rory Kennedy,Alberto Mora,John Yoo,Scott Horton,Mark Danner,Alfred McCoy
544,Punchline,Drama,128,R,1988,5.8,50,David Seltzer,Tom Hanks,Sally Field,John Goodman,Mark Rydell,Paul Mazursky
545,Bridget Jones - The Edge of Reason,Drama,108,R,2004,5.9,27,Beeban Kidron,Colin Firth,Renee Zellweger,Hugh Grant,Jim Broadbent,Gemma Jones
546,Code Name: The Cleaner,Action & Adventure,84,PG-13,2007,4.5,4,Les Mayfield,Lucy Liu,Cedric the Entertainer,Nicollette Sheridan,Mark Dacascos,Callum Keith Rennie
547,Fast & Furious,Mystery & Suspense,107,PG-13,2009,6.6,28,Justin Lin,Vin Diesel,Paul Walker,Michelle Rodriguez,John Ortiz,Jordana Brewster
548,House of 1000 Corpses,Horror,89,R,2003,6,19,Rob Zombie,Sid Haig,Bill Moseley,Chris Hardwick,Erin Daniels,Dennis Fimple
549,What Women Want,Comedy,127,PG-13,2001,6.4,54,Nancy Meyers,Helen Hunt,Mel Gibson,Marisa Tomei,Alan Alda,Ashley Johnson
550,River's Edge,Drama,99,R,1987,7.1,87,Tim Hunter,Crispin Glover,Dennis Hopper,Keanu Reeves,Daniel Roebuck,Ione Skye
551,The Babysitter,Mystery & Suspense,90,R,1995,4.2,17,Guy Ferland,Alicia Silverstone,J.T. Walsh,Lee Garlington,Nicky Katt,Jeremy London
552,Saint of 9/11,Documentary,90,Unrated,2006,7.8,84,Glenn Holsten,Ian McKellen,NA,NA,NA,NA
553,Black Death,Drama,102,R,2011,6.4,68,Christopher Smith,Sean Bean,Eddie Redmayne,Carice van Houten,John Lynch,Tim McInnerny
554,Little Manhattan,Drama,84,PG,2005,7.6,77,Mark Levin,Josh Hutcherson,Bradley Whitford,Cynthia Nixon,Charlie Ray,Willie Garson
555,In Search of Beethoven,Musical & Performing Arts,139,Unrated,2009,7.5,92,Phil Grabsky,Juliet Stevenson,David P. Dawson,Emanuel Ax,Roger Norrington,Jonathan Biss
556,Taps,Drama,126,PG,1981,6.7,75,Harold Becker,Timothy Hutton,George C. Scott,Ronny Cox,Sean Penn,Tom Cruise
557,"Planes, Trains and Automobiles",Comedy,93,R,1987,7.6,94,John Hughes,Steve Martin,John Candy,William Windom,Michael McKean,Edie McClurg
558,Mirrors,Mystery & Suspense,110,R,2008,6.2,14,Alexandre Aja,Kiefer Sutherland,Paula Patton,Erica Gluck,Cameron Boyce,Ezra Buzzington
559,A Shot at Glory,Drama,114,R,2001,6.3,67,Michael Corrente,Michael Keaton,Ally McCoist,Kirsty Mitchell,Brian Cox,Cole Hauser
560,Flipped,Drama,90,PG,2010,7.7,55,Rob Reiner,Madeline Carroll,Callan McAuliffe,Rebecca De Mornay,Anthony Edwards,John Mahoney
561,Sweet Sixteen,Drama,106,R,2003,7.5,97,Ken Loach,Martin Compston,Annmarie Fulton,William Ruane,Michelle Abercromby,Michelle Coulter
562,Cold Creek Manor,Mystery & Suspense,118,R,2003,4.9,12,Mike Figgis,Dennis Quaid,Sharon Stone,Stephen Dorff,Juliette Lewis,Kristen Stewart
563,Snake Eyes,Drama,98,R,1998,5.9,40,Brian DePalma,Nicolas Cage,Gary Sinise,John Heard,Carla Gugino,Stan Shaw
564,Croupier,Mystery & Suspense,94,R,2000,7.2,98,Mike Hodges,Clive Owen,Alex Kingston,Kate Hardie,Gina McKee,Nicholas Ball
565,What About Bob?,Drama,99,PG,1991,7,83,Frank Oz,Bill Murray,Richard Dreyfuss,Julie Hagerty,Charlie Korsmo,Kathryn Erbe
566,The Ex,Comedy,89,PG-13,2007,5.6,19,Jesse Peretz,Zach Braff,Amanda Peet,Jason Bateman,Charles Grodin,Mia Farrow
567,A Haunted House 2,Comedy,86,R,2014,4.7,8,Michael Tiddes,Marlon Wayans,Jaime Pressly,Essence Atkins,Gabriel Iglesias,Dave Sheridan
568,Real Steel,Drama,127,PG-13,2011,7.1,60,Shawn Levy,Hugh Jackman,Dakota Goyo,Anthony Mackie,Evangeline Lilly,Kevin Durand
569,Wanted,Action & Adventure,110,R,2008,6.7,72,Timur Bekmambetov,James McAvoy,Morgan Freeman,Angelina Jolie,Terence Stamp,Thomas Kretschmann
570,Thieves Like Us,Drama,123,R,1974,7.1,89,Robert Altman,Keith Carradine,Shelley Duvall,John Schuck,Bert Remsen,Louise Fletcher
571,In Dreams,Mystery & Suspense,100,R,1999,5.5,25,Neil Jordan,Annette Bening,Robert Downey Jr.,Aidan Quinn,Stephen Rea,Dennis Boutsikaris
572,Mallrats,Comedy,94,R,1995,7.2,55,Kevin Smith,Shannen Doherty,Jeremy London,Jason Lee,Claire Forlani,Michael Rooker
573,Medicine Man,Drama,106,PG-13,1992,5.9,20,John McTiernan,Lorraine Bracco,Jose Wilker,Rodolfo De Alexandre,Rodolfo de Alexandra,Elias Monteiro Da Silva
574,Sea Monsters: A Prehistoric Adventure,Documentary,40,G,2007,7,100,Sean MacLeod Phillips,Liev Schreiber,NA,NA,NA,NA
575,Ray,Drama,152,PG-13,2004,7.7,81,Taylor Hackford,Jamie Foxx,Kerry Washington,Regina King,Clifton Powell,Harry Lennix
576,Coach Carter,Drama,136,PG-13,2005,7.2,65,Thomas Carter,Samuel L. Jackson,Rob Brown (VI),Robert Ri'chard,Rick Gonzalez,Nana Gbewonyo
577,Training Day,Drama,122,R,2001,7.7,72,Antoine Fuqua,Denzel Washington,Ethan Hawke,Scott Glenn,Tom Berenger,Harris Yulin
578,Saturday Night Fever,Drama,118,R,1977,6.8,88,John Badham,John Travolta,Karen Lynn Gorney,Donna Pescow,Barry Miller,Joseph Cali
579,The Mother,Drama,112,R,2004,6.9,77,Roger Michell,Anne Reid,Daniel Craig,Cathryn Bradshaw,Steven Mackintosh,Peter Vaughan
580,Under Fire,Mystery & Suspense,128,R,1983,7.1,88,Roger Spottiswoode,Nick Nolte,Joanna Cassidy,Gene Hackman,Ed Harris,Richard Masur
581,Hairspray,Drama,92,PG,1988,6.9,97,John Waters,Divine,Ricki Lake,Sonny Bono,Ruth Brown,Vitamin C
582,Sweet Liberty,Comedy,106,PG,1986,5.7,75,Alan Alda,Alan Alda,Michael Caine,Michelle Pfeiffer,Bob Hoskins,Lise Hilboldt
583,Urban Cowboy,Other,132,PG,1980,6.2,77,James Bridges,John Travolta,Debra Winger,Scott Glenn,Madolyn Smith Osborne,Barry Corbin
584,Shooter,Drama,124,R,2007,7.2,48,Antoine Fuqua,Mark Wahlberg,Michael Pena,Danny Glover,Kate Mara,Elias Koteas
585,Crumb,Comedy,119,R,1995,8,95,Terry Zwigoff,Aline Kominsky,Charles Crumb,Maxon Crumb,Max Crumb,Robert Hughes
586,Just Friends,Drama,96,PG-13,2005,6.2,42,Roger  Kumble,Ryan Reynolds,Amy Smart,Anna Faris,Chris Klein,Christopher George Marquette
587,Over the Edge,Drama,95,PG,1979,7.6,89,Jonathan Kaplan,Michael Eric Kramer,Pamela Ludwig,Matt Dillon,Vincent Spano,Debbie James
588,Operation Dumbo Drop,Comedy,107,PG,1995,4.9,31,Simon Wincer,Danny Glover,Ray Liotta,Denis Leary,Doug E. Doug,Corin Nemec
589,The Postman Always Rings Twice,Mystery & Suspense,122,PG,1981,6.6,83,Bob Rafelson,Jack Nicholson,Jessica Lange,John Colicos,John P. Ryan,Michael Lerner
590,Monster,Drama,109,R,2004,7.3,82,Patty Jenkins,Charlize Theron,Christina Ricci,Bruce Dern,Scott Wilson,Pruitt Taylor Vince
591,Bright Leaves,Documentary,107,Unrated,2004,7.1,86,Ross McElwee,Ross McElwee,Charleen Swansea,Patricia Neal,Adrian McElwee,Allan Gurganus
592,Teenage Paparazzo,Documentary,94,Unrated,2010,7.4,100,Adrian Grenier,Alwy Visschedyk,Henry Jenkins,Austin Visschedyk,Jake Halpern,Adrian Grenier
593,The Gauntlet,Mystery & Suspense,109,R,1977,6.4,82,Clint Eastwood,Clint Eastwood,Sondra Locke,Pat Hingle,William Prince,Bill McKinney
594,Jerry Maguire,Drama,139,R,1996,7.3,85,Cameron Crowe,Tom Cruise,Cuba Gooding Jr.,Renee Zellweger,Kelly Preston,Jerry O'Connell
595,Felon,Drama,104,R,2008,7.5,59,Ric Roman Waugh,Val Kilmer,Harold Perrineau Jr.,Sam Shepard,Nick Chinlund,Marisol Nichols
596,On Golden Pond,Drama,109,PG,1981,7.7,92,Mark Rydell,Henry Fonda,Katharine Hepburn,Jane Fonda,Dabney Coleman,Doug McKeon
597,Army of Darkness,Action & Adventure,81,R,1993,7.6,72,Sam Raimi,Bruce Campbell,Embeth Davidtz,Marcus Gilbert,Ian Abercrombie,Richard Grove
598,Maverick,Other,127,PG-13,1994,7,67,Richard Donner,Leo Gordon,Mel Gibson,Jodie Foster,Alfred Molina,James Garner
599,The Little Mermaid,Animation,83,G,1989,7.6,92,John Musker,Jodi Benson,Samuel E. Wright,Pat Carroll,Buddy Hackett,Rene Auberjonois
600,Astro Boy (AstroBoy),Action & Adventure,94,PG,2009,6.3,49,David Bowers,Freddie Highmore,Nicolas Cage,Kristen Bell,Nathan Lane,Eugene Levy
601,The Trip,Art House & International,112,Unrated,2011,7,89,Michael Winterbottom,Steve Coogan,Rob Brydon,Claire Keelan,Margo Stilley,Rebecca Johnson
602,Pete Seeger: The Power of Song,Documentary,93,PG,2007,8.4,95,Jim Brown,Pete  Seeger,Bruce Springsteen,Natalie Maines,Tom Paxton,David Dunaway
603,Zombi 2,Horror,91,R,1980,6.9,42,Lucio Fulci,Tisa Farrow,Ian McCulloch,Richard Johnson,Al Cliver,Arnette Gay
604,Jaws 2,Action & Adventure,116,PG,1978,5.7,53,Jeannot Szwarc,Roy Scheider,Lorraine Gary,Murray Hamilton,Joseph Mascolo,Joe Mascolo
605,Maniac,Horror,89,Unrated,2013,6.1,49,Franck Khalfoun,Elijah Wood,Nora Arnezeder,Genevieve Alexandra,Megan Duffy,Jan B. Felt
606,Velvet Goldmine,Musical & Performing Arts,124,R,1998,7,56,Todd Haynes,Ewan McGregor,Jonathan Rhys Meyers,Christian Bale,Toni Collette,Eddie Izzard
607,Undertaking Betty,Drama,94,PG-13,2003,6.7,40,Nich Hurran,Brenda Blethyn,Alfred Molina,Christopher Walken,Naomi Watts,Robert Pugh
608,Taking Lives,Drama,103,R,2004,6.2,22,D.J. Caruso,Angelina Jolie,Ethan Hawke,Kiefer Sutherland,Gena Rowlands,Olivier Martinez
609,The Illusionist (L'illusionniste),Drama,80,PG,2010,7.5,90,Sylvain Chomet,Jean-Claude Donda,Eilidh Rankin,Duncan MacNeil,Raymond Mearns,NA
610,Titanic,Drama,194,PG-13,1997,7.7,88,James Cameron,Leonardo DiCaprio,Kate Winslet,Billy Zane,Kathy Bates,Frances Fisher
611,The Tillman Story,Documentary,94,R,2010,7.8,93,Amir Bar-Lev,Josh Brolin,Dannie Tillman,Richard Tillman,"Patrick Tillman, Sr.",Marie Tillman
612,To The Wonder,Drama,112,R,2013,6,46,Terrence Malick,Ben Affleck,Olga Kurylenko,Rachel McAdams,Javier Bardem,Greg Elliot
613,Snow Angels,Drama,107,R,2007,6.9,68,David Gordon Green,Kate Beckinsale,Sam Rockwell,Michael Angarano,Nicky Katt,Jeanetta Arnette
614,Mrs. Dalloway,Drama,97,PG-13,1998,6.9,71,Marleen Gorris,Vanessa Redgrave,Michael Kitchen,Natascha McElhone,Alan Cox,John Standing
615,F for Fake,Documentary,89,Unrated,1974,7.8,88,Orson Welles,Orson Welles,Oja Kodar,Joseph Cotten,Francois Reichenbach,Richard Wilson
616,Saving Face,Drama,91,R,2005,7.6,87,Alice Wu,Michelle Krusiec,Joan Chen,Lynn Chen,Jin Wang,Li Zhiyu
617,The Jerky Boys,Comedy,82,R,1995,4.5,9,James Melkonian,John G. Brennan,Johnny Brennan,Kamal Ahmed,Alan Arkin,William Hickey
618,The Unbelievable Truth,Drama,90,R,1990,7.5,100,Hal Hartley,Adrienne Shelly,Robert John Burke,Chris Cooke,Christopher Cooke,Julia McNeal
619,Article 99,Drama,100,R,1992,6,46,Howard Deutch,Ray Liotta,Kiefer Sutherland,Forest Whitaker,Lea Thompson,John Mahoney
620,Great Balls of Fire,Drama,108,PG-13,1989,6.2,63,Jim McBride,Dennis Quaid,Winona Ryder,John Doe,Stephen Tobolowsky,Alec Baldwin
621,Condorman,Action & Adventure,90,PG,1981,5.7,25,Charles Jarrott,Michael Crawford,Oliver Reed,Barbara Carrera,James Hampton,Jean-Pierre Kalfon
622,Man of the House,Comedy,96,PG,1995,4.9,14,James Orr,Jonathan Taylor Thomas,Chevy Chase,Farrah Fawcett,George Wendt,David Shiner
623,Broken,Documentary,91,Unrated,2013,7.3,63,Billy Corben,Keith McCants,Bernie Kosar,Andre Rison,Leon Searchy,Herm Edwards
624,The Big Red One,Drama,113,PG,1980,7.2,91,Samuel Fuller,Lee Marvin,Mark Hamill,Robert Carradine,Bobby Di Cicco,Kelly Ward
625,Mighty Aphrodite,Comedy,95,R,1995,7.1,77,Woody Allen,Woody Allen,Mira Sorvino,Helena Bonham Carter,Olympia Dukakis,Michael Rapaport
626,Captain Phillips,Drama,134,PG-13,2013,7.9,93,Paul Greengrass,Tom Hanks,Catherine Keener,Barkhad Abdi,Michael Chernus,Corey Johnson
627,Amityville II: The Possession,Horror,104,R,1982,5.4,7,Damiano Damiani,Burt Young,Rutanya Alda,James Olson,Jack Magner,Diane Franklin
628,The Long Kiss Goodnight,Mystery & Suspense,121,R,1996,6.7,67,Renny Harlin,Geena Davis,Samuel L. Jackson,Patrick Malahide,Craig Bierko,Brian Cox
629,Fool's Gold,Action & Adventure,112,PG-13,2008,5.6,11,Andy Tennant,Matthew McConaughey,Kate Hudson,Donald Sutherland,Alexis Dziena,Ewen Bremner
630,Doogal,Animation,85,G,2006,2.8,8,Frank Passingham,Daniel Tay,Jimmy Fallon,Robbie Williams,Jon Stewart,Bill Nighy
631,Bait,Drama,119,R,2000,5.7,26,Antoine Fuqua,Jamie Foxx,David Morse,Robert Pastorelli,Doug Hutchison,Kimberly Elise
632,Body of Evidence,Mystery & Suspense,99,R,1992,4.3,6,Uli Edel,Madonna,Willem Dafoe,Joe Mantegna,Anne Archer,Julianne Moore
633,The Hunger Games,Drama,142,PG-13,2012,7.3,84,Gary Ross,Jennifer Lawrence,Josh Hutcherson,Liam Hemsworth,Woody Harrelson,Elizabeth Banks
634,Hell's Kitchen N.Y.C.,Drama,95,R,1999,4.9,40,Tony Cinciripini,Mekhi Phifer,Rosanna Arquette,William Forsythe,Angelina Jolie,Johnny Whitworth
635,The Lake House,Drama,99,PG,2006,6.8,35,Alejandro Agresti,Keanu Reeves,Sandra Bullock,Shohreh Aghdashloo,Dylan Walsh,Christopher Plummer
636,In the Name of the Father,Drama,133,R,1993,8.1,94,Jim Sheridan,Daniel Day-Lewis,Pete Postlethwaite,Emma Thompson,Corin Redgrave,John Lynch
637,Desperate Measures,Drama,100,R,1997,6.1,17,Barbet Schroeder,Michael Keaton,Andy Garcia,Brian Cox,Marcia Gay Harden,Erik King
638,The Invasion,Mystery & Suspense,99,PG-13,2007,5.9,19,Oliver Hirschbiegel,Nicole Kidman,Daniel Craig,Jeremy Northam,Jeffrey Wright,Jackson Bond
639,Eye of the Needle,Drama,112,R,1981,7.1,85,Richard Marquand,Donald Sutherland,Kate Nelligan,Ian Bannen,George Belbin,Stephen MacKenna
640,Funny Lady,Drama,136,PG,1975,6.4,38,Herbert Ross,Barbra Streisand,James Caan,Omar Sharif,Roddy McDowall,Ben Vereen
641,Alvin and the Chipmunks,Animation,92,PG,2007,5.3,27,Tim Hill,Jason Lee,Cameron Richardson,Jane Lynch,David Cross,Justin Long
642,Pina,Musical & Performing Arts,103,PG,2011,7.7,95,Wim Wenders,Pina Bausch,Regina Advento,Malou Airaudo,Ruth Amarante,Jorge Puerta Armenta
643,Capote,Drama,114,R,2005,7.4,90,Bennett Miller,Philip Seymour Hoffman,Catherine Keener,Chris Cooper,Bruce Greenwood,Bob Balaban
644,Dead Men Don't Wear Plaid,Mystery & Suspense,88,PG,1982,6.8,77,Carl Reiner,Steve Martin,Rachel Ward,Reni Santoni,Carl Reiner,George Gaynes
645,Tarzan,Drama,88,G,1999,7.2,88,Chris Buck,Tony Goldwyn,Glenn Close,Minnie Driver,Rosie O'Donnell,Lance Henriksen
646,Cocoon: The Return,Drama,116,PG,1988,5.2,36,Daniel Petrie,Don Ameche,Wilford Brimley,Hume Cronyn,Jack Gilford,Steve Guttenberg
647,Death Defying Acts,Drama,97,PG,2008,5.9,44,Gillian Armstrong,Guy Pearce,Catherine Zeta-Jones,Timothy Spall,Saoirse Ronan,Jack Bailey
648,Half Baked,Comedy,82,R,1998,6.7,29,Tamra Davis,Dave Chappelle,Guillermo Diaz,Jim Breuer,Harland Williams,Rachel True
649,Dance of the Dead,Action & Adventure,87,R,2008,5.9,80,Gregg Bishop,Jared Kusnitz,Greyson Chadwick,Chandler Darby,Carissa Capobianco,Randy McDowell
650,Around the World in 80 Days,Action & Adventure,120,PG,2004,5.8,31,Frank Coraci,Jackie Chan,Steve Coogan,Ewen Bremner,Robert Fyfe,Ian McNeice
651,LOL,Comedy,97,PG-13,2012,4.2,17,Liza Azuelos,Miley Cyrus,Demi Moore,Ashley Greene,Douglas Booth,Adam G. Sevani
